Datum;Kampany;Hirdetes_Sorozat;Kreativ_Nev;Hirdetes_ID;Koltes_HUF;Megjelenes;Eleres;Gyakorisag;Osszes_Kattintas;Link_Kattintas;CTR_Szazalek;CPC_HUF;CPM_HUF;Vasarlas_DB;Bevetel_HUF;CPA_HUF;ROAS
2026-08-22;Nagy-Kevély csillagai;01 - Prospecting (LAL 1-2% + Kizárások) - Hideg – másolat;01.04 - Kivel csinálnád?;120253142075650274;14;2;2;1.0;0;0;0.0;0;7000;0;0;0;0.0
2026-08-22;Nagy-Kevély csillagai;01 - Prospecting (LAL 1-2% + Kizárások) - Hideg – másolat;01.03 - Hűtsd le magad;120253142075670274;18;8;8;1.0;0;0;0.0;0;2250;0;0;0;0.0
2026-08-22;Nagy-Kevély csillagai;01 - Prospecting (LAL 1-2% + Kizárások) - Hideg – másolat;01.02 TÚRÁZÓ V5 – másolat;120252706747120274;55;30;28;1.07;0;0;0.0;0;1833;0;0;0;0.0
2026-08-22;Nagy-Kevély csillagai - Retargeting;02 - Retargeting (Web & Social meleg lista) - Meleg – másolat;02.02 TÚRÁZÓ V5;120252706205870274;70;66;57;1.16;6;2;9.09;12;1061;0;0;0;0.0
2026-08-22;Nagy-Kevély csillagai;01 - Prospecting (LAL 1-2% + Kizárások) - Hideg – másolat;01.05 - Menj ki!;120253142075660274;87;18;17;1.06;2;1;11.11;44;4833;0;0;0;0.0
2026-08-22;Nagy-Kevély csillagai - Retargeting;02 - Retargeting (Web & Social meleg lista) - Meleg – másolat;02.01 - Termék V4;120252706205900274;180;154;129;1.19;9;5;5.84;20;1169;0;0;0;0.0
2026-08-22;Nagy-Kevély csillagai;01 - Prospecting (LAL 1-2% + Kizárások) - Hideg – másolat;01.01 - Termék V4 – másolat;120252706747110274;1099;232;205;1.13;12;7;5.17;92;4737;0;0;0;0.0
2026-08-21;Nagy-Kevély csillagai;01 - Prospecting (LAL 1-2% + Kizárások) - Hideg – másolat;01.04 - Kivel csinálnád?;120253142075650274;22;16;6;2.67;0;0;0.0;0;1375;0;0;0;0.0
2026-08-21;Nagy-Kevély csillagai;01 - Prospecting (LAL 1-2% + Kizárások) - Hideg – másolat;01.03 - Hűtsd le magad;120253142075670274;23;13;12;1.08;1;0;7.69;23;1769;0;0;0;0.0
2026-08-21;Nagy-Kevély csillagai;01 - Prospecting (LAL 1-2% + Kizárások) - Hideg – másolat;01.02 TÚRÁZÓ V5 – másolat;120252706747120274;74;38;26;1.46;1;0;2.63;74;1947;0;0;0;0.0
2026-08-21;Nagy-Kevély csillagai - Retargeting;02 - Retargeting (Web & Social meleg lista) - Meleg – másolat;02.02 TÚRÁZÓ V5;120252706205870274;89;80;62;1.29;4;2;5.0;22;1112;0;0;0;0.0
2026-08-21;Nagy-Kevély csillagai;01 - Prospecting (LAL 1-2% + Kizárások) - Hideg – másolat;01.05 - Menj ki!;120253142075660274;93;24;24;1.0;1;0;4.17;93;3875;0;0;0;0.0
2026-08-21;Nagy-Kevély csillagai - Retargeting;02 - Retargeting (Web & Social meleg lista) - Meleg – másolat;02.01 - Termék V4;120252706205900274;239;204;156;1.31;3;1;1.47;80;1172;0;0;0;0.0
2026-08-21;Nagy-Kevély csillagai;01 - Prospecting (LAL 1-2% + Kizárások) - Hideg – másolat;01.01 - Termék V4 – másolat;120252706747110274;913;348;264;1.32;11;8;3.16;83;2624;0;0;0;0.0
2026-08-20;Nagy-Kevély csillagai;01 - Prospecting (LAL 1-2% + Kizárások) - Hideg – másolat;01.03 - Hűtsd le magad;120253142075670274;34;29;21;1.38;1;0;3.45;34;1172;0;0;0;0.0
2026-08-20;Nagy-Kevély csillagai - Retargeting;02 - Retargeting (Web & Social meleg lista) - Meleg – másolat;02.02 TÚRÁZÓ V5;120252706205870274;89;66;58;1.14;5;1;7.58;18;1348;0;0;0;0.0
2026-08-20;Nagy-Kevély csillagai;01 - Prospecting (LAL 1-2% + Kizárások) - Hideg – másolat;01.04 - Kivel csinálnád?;120253142075650274;101;21;9;2.33;1;1;4.76;101;4810;0;0;0;0.0
2026-08-20;Nagy-Kevély csillagai;01 - Prospecting (LAL 1-2% + Kizárások) - Hideg – másolat;01.02 TÚRÁZÓ V5 – másolat;120252706747120274;115;69;62;1.11;2;1;2.9;58;1667;0;0;0;0.0
2026-08-20;Nagy-Kevély csillagai;01 - Prospecting (LAL 1-2% + Kizárások) - Hideg – másolat;01.05 - Menj ki!;120253142075660274;189;95;84;1.13;6;2;6.32;32;1989;0;0;0;0.0
2026-08-20;Nagy-Kevély csillagai - Retargeting;02 - Retargeting (Web & Social meleg lista) - Meleg – másolat;02.01 - Termék V4;120252706205900274;387;355;261;1.36;17;7;4.79;23;1090;0;0;0;0.0
2026-08-20;Nagy-Kevély csillagai;01 - Prospecting (LAL 1-2% + Kizárások) - Hideg – másolat;01.01 - Termék V4 – másolat;120252706747110274;1740;712;550;1.29;46;20;6.46;38;2444;0;0;0;0.0
2026-08-19;Nagy-Kevély csillagai;01 - Prospecting (LAL 1-2% + Kizárások) - Hideg – másolat;01.04 - Kivel csinálnád?;120253142075650274;30;14;7;2.0;1;0;7.14;30;2143;0;0;0;0.0
2026-08-19;Nagy-Kevély csillagai - Retargeting;02 - Retargeting (Web & Social meleg lista) - Meleg – másolat;02.02 TÚRÁZÓ V5;120252706205870274;78;79;62;1.27;4;1;5.06;20;987;0;0;0;0.0
2026-08-19;Nagy-Kevély csillagai;01 - Prospecting (LAL 1-2% + Kizárások) - Hideg – másolat;01.02 TÚRÁZÓ V5 – másolat;120252706747120274;117;81;64;1.27;0;0;0.0;0;1444;0;0;0;0.0
2026-08-19;Nagy-Kevély csillagai;01 - Prospecting (LAL 1-2% + Kizárások) - Hideg – másolat;01.05 - Menj ki!;120253142075660274;132;62;58;1.07;2;0;3.23;66;2129;0;0;0;0.0
2026-08-19;Nagy-Kevély csillagai;01 - Prospecting (LAL 1-2% + Kizárások) - Hideg – másolat;01.03 - Hűtsd le magad;120253142075670274;191;45;24;1.88;2;1;4.44;96;4244;0;0;0;0.0
2026-08-19;Nagy-Kevély csillagai - Retargeting;02 - Retargeting (Web & Social meleg lista) - Meleg – másolat;02.01 - Termék V4;120252706205900274;354;391;299;1.31;9;6;2.3;39;905;0;0;0;0.0
2026-08-19;Nagy-Kevély csillagai;01 - Prospecting (LAL 1-2% + Kizárások) - Hideg – másolat;01.01 - Termék V4 – másolat;120252706747110274;1157;548;386;1.42;17;8;3.1;68;2111;0;0;0;0.0
2026-08-18;Nagy-Kevély csillagai;01 - Prospecting (LAL 1-2% + Kizárások) - Hideg – másolat;01.04 - Kivel csinálnád?;120253142075650274;11;3;3;1.0;0;0;0.0;0;3667;0;0;0;0.0
2026-08-18;Nagy-Kevély csillagai;01 - Prospecting (LAL 1-2% + Kizárások) - Hideg – másolat;01.03 - Hűtsd le magad;120253142075670274;59;36;22;1.64;3;1;8.33;20;1639;0;0;0;0.0
2026-08-18;Nagy-Kevély csillagai - Retargeting;02 - Retargeting (Web & Social meleg lista) - Meleg – másolat;02.02 TÚRÁZÓ V5;120252706205870274;132;100;79;1.27;5;1;5.0;26;1320;0;0;0;0.0
2026-08-18;Nagy-Kevély csillagai;01 - Prospecting (LAL 1-2% + Kizárások) - Hideg – másolat;01.05 - Menj ki!;120253142075660274;182;56;47;1.19;3;2;5.36;61;3250;0;0;0;0.0
2026-08-18;Nagy-Kevély csillagai;01 - Prospecting (LAL 1-2% + Kizárások) - Hideg – másolat;01.02 TÚRÁZÓ V5 – másolat;120252706747120274;312;95;71;1.34;7;1;7.37;45;3284;0;0;0;0.0
2026-08-18;Nagy-Kevély csillagai - Retargeting;02 - Retargeting (Web & Social meleg lista) - Meleg – másolat;02.01 - Termék V4;120252706205900274;474;613;497;1.23;34;17;5.55;14;773;0;0;0;0.0
2026-08-18;Nagy-Kevély csillagai;01 - Prospecting (LAL 1-2% + Kizárások) - Hideg – másolat;01.01 - Termék V4 – másolat;120252706747110274;1855;776;601;1.29;36;14;4.64;52;2390;0;0;0;0.0
2026-08-17;Nagy-Kevély csillagai;01 - Prospecting (LAL 1-2% + Kizárások) - Hideg – másolat;01.04 - Kivel csinálnád?;120253142075650274;23;5;5;1.0;1;0;20.0;23;4600;0;0;0;0.0
2026-08-17;Nagy-Kevély csillagai - Retargeting;02 - Retargeting (Web & Social meleg lista) - Meleg – másolat;02.02 TÚRÁZÓ V5;120252706205870274;120;97;80;1.21;3;0;3.09;40;1237;0;0;0;0.0
2026-08-17;Nagy-Kevély csillagai;01 - Prospecting (LAL 1-2% + Kizárások) - Hideg – másolat;01.03 - Hűtsd le magad;120253142075670274;123;33;23;1.43;2;1;6.06;62;3727;0;0;0;0.0
2026-08-17;Nagy-Kevély csillagai;01 - Prospecting (LAL 1-2% + Kizárások) - Hideg – másolat;01.02 TÚRÁZÓ V5 – másolat;120252706747120274;190;76;54;1.41;5;2;6.58;38;2500;0;0;0;0.0
2026-08-17;Nagy-Kevély csillagai;01 - Prospecting (LAL 1-2% + Kizárások) - Hideg – másolat;01.05 - Menj ki!;120253142075660274;281;83;74;1.12;4;1;4.82;70;3386;0;0;0;0.0
2026-08-17;Nagy-Kevély csillagai - Retargeting;02 - Retargeting (Web & Social meleg lista) - Meleg – másolat;02.01 - Termék V4;120252706205900274;428;390;316;1.23;18;8;4.62;24;1097;0;0;0;0.0
2026-08-17;Nagy-Kevély csillagai;01 - Prospecting (LAL 1-2% + Kizárások) - Hideg – másolat;01.01 - Termék V4 – másolat;120252706747110274;1783;680;500;1.36;30;12;4.41;59;2622;1;7990;1783;4.48
2026-08-16;Nagy-Kevély csillagai;01 - Prospecting (LAL 1-2% + Kizárások) - Hideg – másolat;01.04 - Kivel csinálnád?;120253142075650274;21;11;8;1.38;0;0;0.0;0;1909;0;0;0;0.0
2026-08-16;Nagy-Kevély csillagai;01 - Prospecting (LAL 1-2% + Kizárások) - Hideg – másolat;01.03 - Hűtsd le magad;120253142075670274;122;77;51;1.51;3;1;3.9;41;1584;0;0;0;0.0
2026-08-16;Nagy-Kevély csillagai - Retargeting;02 - Retargeting (Web & Social meleg lista) - Meleg – másolat;02.02 TÚRÁZÓ V5;120252706205870274;125;129;102;1.26;7;2;5.43;18;969;0;0;0;0.0
2026-08-16;Nagy-Kevély csillagai;01 - Prospecting (LAL 1-2% + Kizárások) - Hideg – másolat;01.02 TÚRÁZÓ V5 – másolat;120252706747120274;264;102;87;1.17;7;3;6.86;38;2588;0;0;0;0.0
2026-08-16;Nagy-Kevély csillagai - Retargeting;02 - Retargeting (Web & Social meleg lista) - Meleg – másolat;02.01 - Termék V4;120252706205900274;550;395;292;1.35;25;12;6.33;22;1392;0;0;0;0.0
2026-08-16;Nagy-Kevély csillagai;01 - Prospecting (LAL 1-2% + Kizárások) - Hideg – másolat;01.05 - Menj ki!;120253142075660274;557;190;152;1.25;8;3;4.21;70;2932;0;0;0;0.0
2026-08-16;Nagy-Kevély csillagai;01 - Prospecting (LAL 1-2% + Kizárások) - Hideg – másolat;01.01 - Termék V4 – másolat;120252706747110274;1277;581;449;1.29;27;14;4.65;47;2198;1;15181;1277;11.89
2026-08-15;Nagy-Kevély csillagai;01 - Prospecting (LAL 1-2% + Kizárások) - Hideg – másolat;01.02 TÚRÁZÓ V5 – másolat;120252706747120274;121;65;53;1.23;0;0;0.0;0;1862;0;0;0;0.0
2026-08-15;Nagy-Kevély csillagai - Retargeting;02 - Retargeting (Web & Social meleg lista) - Meleg – másolat;02.02 TÚRÁZÓ V5;120252706205870274;209;196;158;1.24;11;3;5.61;19;1066;0;0;0;0.0
2026-08-15;Nagy-Kevély csillagai - Retargeting;02 - Retargeting (Web & Social meleg lista) - Meleg – másolat;02.01 - Termék V4;120252706205900274;224;219;155;1.41;10;5;4.57;22;1023;0;0;0;0.0
2026-08-15;Nagy-Kevély csillagai;01 - Prospecting (LAL 1-2% + Kizárások) - Hideg – másolat;01.01 - Termék V4 – másolat;120252706747110274;354;159;124;1.28;10;4;6.29;35;2226;0;0;0;0.0
2026-08-15;Nagy-Kevély csillagai;01 - Prospecting (LAL 1-2% + Kizárások) - Hideg – másolat;01.04 - Kivel csinálnád?;120253142075650274;467;150;106;1.42;5;3;3.33;93;3113;0;0;0;0.0
2026-08-15;Nagy-Kevély csillagai;01 - Prospecting (LAL 1-2% + Kizárások) - Hideg – másolat;01.03 - Hűtsd le magad;120253142075670274;493;163;134;1.22;5;2;3.07;99;3025;0;0;0;0.0
2026-08-15;Nagy-Kevély csillagai;01 - Prospecting (LAL 1-2% + Kizárások) - Hideg – másolat;01.05 - Menj ki!;120253142075660274;507;207;169;1.22;7;2;3.38;72;2449;0;0;0;0.0
2026-08-14;Nagy-Kevély csillagai;01 - Prospecting (LAL 1-2% + Kizárások) - Hideg – másolat;01.02 TÚRÁZÓ V5 – másolat;120252706747120274;68;51;32;1.59;0;0;0.0;0;1333;0;0;0;0.0
2026-08-14;Nagy-Kevély csillagai;01 - Prospecting (LAL 1-2% + Kizárások) - Hideg – másolat;01.01 - Termék V4 – másolat;120252706747110274;103;73;48;1.52;3;1;4.11;34;1411;0;0;0;0.0
2026-08-14;Nagy-Kevély csillagai - Retargeting;02 - Retargeting (Web & Social meleg lista) - Meleg – másolat;02.01 - Termék V4;120252706205900274;232;227;163;1.39;2;1;0.88;116;1022;0;0;0;0.0
2026-08-14;Nagy-Kevély csillagai - Retargeting;02 - Retargeting (Web & Social meleg lista) - Meleg – másolat;02.02 TÚRÁZÓ V5;120252706205870274;249;169;113;1.5;14;6;8.28;18;1473;0;0;0;0.0
2026-08-14;Nagy-Kevély csillagai;01 - Prospecting (LAL 1-2% + Kizárások) - Hideg – másolat;01.03 - Hűtsd le magad;120253142075670274;497;203;164;1.24;2;0;0.99;248;2448;0;0;0;0.0
2026-08-14;Nagy-Kevély csillagai;01 - Prospecting (LAL 1-2% + Kizárások) - Hideg – másolat;01.05 - Menj ki!;120253142075660274;498;235;167;1.41;11;4;4.68;45;2119;0;0;0;0.0
2026-08-14;Nagy-Kevély csillagai;01 - Prospecting (LAL 1-2% + Kizárások) - Hideg – másolat;01.04 - Kivel csinálnád?;120253142075650274;506;296;171;1.73;4;2;1.35;126;1709;0;0;0;0.0
2026-08-13;Nagy-Kevély csillagai - Retargeting;02 - Retargeting (Web & Social meleg lista) - Meleg – másolat;02.02 TÚRÁZÓ V5;120252706205870274;156;128;92;1.39;6;3;4.69;26;1219;0;0;0;0.0
2026-08-13;Nagy-Kevély csillagai - Retargeting;02 - Retargeting (Web & Social meleg lista) - Meleg – másolat;02.01 - Termék V4;120252706205900274;290;220;160;1.38;4;0;1.82;72;1318;0;0;0;0.0
2026-08-13;Nagy-Kevély csillagai;01 - Prospecting (LAL 1-2% + Kizárások) - Hideg – másolat;01.02 TÚRÁZÓ V5 – másolat;120252706747120274;296;152;120;1.27;7;5;4.61;42;1947;0;0;0;0.0
2026-08-13;Nagy-Kevély csillagai;01 - Prospecting (LAL 1-2% + Kizárások) - Hideg – másolat;01.03 - Hűtsd le magad;120253142075670274;483;176;114;1.54;5;2;2.84;97;2744;0;0;0;0.0
2026-08-13;Nagy-Kevély csillagai;01 - Prospecting (LAL 1-2% + Kizárások) - Hideg – másolat;01.04 - Kivel csinálnád?;120253142075650274;490;147;109;1.35;5;2;3.4;98;3333;0;0;0;0.0
2026-08-13;Nagy-Kevély csillagai;01 - Prospecting (LAL 1-2% + Kizárások) - Hideg – másolat;01.05 - Menj ki!;120253142075660274;516;177;140;1.26;11;4;6.21;47;2915;0;0;0;0.0
2026-08-13;Nagy-Kevély csillagai;01 - Prospecting (LAL 1-2% + Kizárások) - Hideg – másolat;01.01 - Termék V4 – másolat;120252706747110274;560;258;182;1.42;11;5;4.26;51;2171;1;7990;560;14.27
2026-08-12;Nagy-Kevély csillagai;01 - Prospecting (LAL 1-2% + Kizárások) - Hideg – másolat;01.05 - Menj ki!;120253142075660274;151;62;54;1.15;3;2;4.84;50;2435;0;0;0;0.0
2026-08-12;Nagy-Kevély csillagai - Retargeting;02 - Retargeting (Web & Social meleg lista) - Meleg – másolat;02.01 - Termék V4;120252706205900274;168;139;97;1.43;7;3;5.04;24;1209;0;0;0;0.0
2026-08-12;Nagy-Kevély csillagai;01 - Prospecting (LAL 1-2% + Kizárások) - Hideg – másolat;01.04 - Kivel csinálnád?;120253142075650274;207;143;123;1.16;5;3;3.5;41;1448;0;0;0;0.0
2026-08-12;Nagy-Kevély csillagai;01 - Prospecting (LAL 1-2% + Kizárások) - Hideg – másolat;01.03 - Hűtsd le magad;120253142075670274;225;127;85;1.49;12;5;9.45;19;1772;0;0;0;0.0
2026-08-12;Nagy-Kevély csillagai - Retargeting;02 - Retargeting (Web & Social meleg lista) - Meleg – másolat;02.02 TÚRÁZÓ V5;120252706205870274;247;132;104;1.27;7;5;5.3;35;1871;0;0;0;0.0
2026-08-12;Nagy-Kevély csillagai;01 - Prospecting (LAL 1-2% + Kizárások) - Hideg – másolat;01.02 TÚRÁZÓ V5 – másolat;120252706747120274;264;154;116;1.33;11;5;7.14;24;1714;0;0;0;0.0
2026-08-12;Nagy-Kevély csillagai;01 - Prospecting (LAL 1-2% + Kizárások) - Hideg – másolat;01.01 - Termék V4 – másolat;120252706747110274;1078;599;445;1.35;20;7;3.34;54;1800;0;0;0;0.0
2026-08-11;Nagy-Kevély csillagai;01 - Prospecting (LAL 1-2% + Kizárások) - Hideg – másolat;01.02 TÚRÁZÓ V5 – másolat;120252706747120274;31;11;10;1.1;1;0;9.09;31;2818;0;0;0;0.0
2026-08-11;Nagy-Kevély csillagai - Retargeting;02 - Retargeting (Web & Social meleg lista) - Meleg – másolat;02.01 - Termék V4;120252706205900274;514;492;342;1.44;17;6;3.46;30;1045;0;0;0;0.0
2026-08-11;Nagy-Kevély csillagai;01 - Prospecting (LAL 1-2% + Kizárások) - Hideg – másolat;01.01 - Termék V4 – másolat;120252706747110274;1646;1201;870;1.38;44;24;3.66;37;1371;0;0;0;0.0
2026-08-10;Nagy-Kevély csillagai - Retargeting;02 - Retargeting (Web & Social meleg lista) - Meleg – másolat;02.02 TÚRÁZÓ V5;120252706205870274;54;52;48;1.08;8;3;15.38;7;1038;0;0;0;0.0
2026-08-10;Nagy-Kevély csillagai - Retargeting;02 - Retargeting (Web & Social meleg lista) - Meleg – másolat;02.01 - Termék V4;120252706205900274;459;327;259;1.26;6;4;1.83;76;1404;0;0;0;0.0
2026-08-10;Nagy-Kevély csillagai;01 - Prospecting (LAL 1-2% + Kizárások) - Hideg – másolat;01.01 - Termék V4 – másolat;120252706747110274;1774;1112;795;1.4;41;15;3.69;43;1595;0;0;0;0.0
2026-08-09;Nagy-Kevély csillagai - Retargeting;02 - Retargeting (Web & Social meleg lista) - Meleg – másolat;02.02 TÚRÁZÓ V5;120252706205870274;7;4;3;1.33;1;1;25.0;7;1750;0;0;0;0.0
2026-08-09;Nagy-Kevély csillagai - Retargeting;02 - Retargeting (Web & Social meleg lista) - Meleg – másolat;02.01 - Termék V4;120252706205900274;668;554;414;1.34;21;12;3.79;32;1206;0;0;0;0.0
2026-08-09;Nagy-Kevély csillagai;01 - Prospecting (LAL 1-2% + Kizárások) - Hideg – másolat;01.01 - Termék V4 – másolat;120252706747110274;2639;1190;934;1.27;57;29;4.79;46;2218;0;0;0;0.0
2026-08-08;Nagy-Kevély csillagai;01 - Prospecting (LAL 1-2% + Kizárások) - Hideg – másolat;01.02 TÚRÁZÓ V5 – másolat;120252706747120274;22;7;7;1.0;1;0;14.29;22;3143;0;0;0;0.0
2026-08-08;Nagy-Kevély csillagai - Retargeting;02 - Retargeting (Web & Social meleg lista) - Meleg – másolat;02.01 - Termék V4;120252706205900274;428;312;243;1.28;12;8;3.85;36;1372;0;0;0;0.0
2026-08-08;Nagy-Kevély csillagai;01 - Prospecting (LAL 1-2% + Kizárások) - Hideg – másolat;01.01 - Termék V4 – másolat;120252706747110274;1556;687;550;1.25;39;22;5.68;40;2265;0;0;0;0.0
2026-08-07;Nagy-Kevély csillagai - Retargeting;02 - Retargeting (Web & Social meleg lista) - Meleg – másolat;02.02 TÚRÁZÓ V5;120252706205870274;160;97;80;1.21;6;4;6.19;27;1649;0;0;0;0.0
2026-08-07;Nagy-Kevély csillagai - Retargeting;02 - Retargeting (Web & Social meleg lista) - Meleg – másolat;02.01 - Termék V4;120252706205900274;351;212;162;1.31;7;4;3.3;50;1656;0;0;0;0.0
2026-08-07;Nagy-Kevély csillagai;01 - Prospecting (LAL 1-2% + Kizárások) - Hideg – másolat;01.01 - Termék V4 – másolat;120252706747110274;1813;555;424;1.31;33;15;5.95;55;3267;0;0;0;0.0
2026-08-06;Nagy-Kevély csillagai;01 - Prospecting (LAL 1-2% + Kizárások) - Hideg – másolat;01.02 TÚRÁZÓ V5 – másolat;120252706747120274;44;25;22;1.14;5;3;20.0;9;1760;0;0;0;0.0
2026-08-06;Nagy-Kevély csillagai - Retargeting;02 - Retargeting (Web & Social meleg lista) - Meleg – másolat;02.01 - Termék V4;120252706205900274;601;432;310;1.39;20;7;4.63;30;1391;0;0;0;0.0
2026-08-06;Nagy-Kevély csillagai;01 - Prospecting (LAL 1-2% + Kizárások) - Hideg – másolat;01.01 - Termék V4 – másolat;120252706747110274;2190;939;654;1.44;54;30;5.75;41;2332;1;7990;2190;3.65
2026-08-05;Nagy-Kevély csillagai - Retargeting;02 - Retargeting (Web & Social meleg lista) - Meleg – másolat;02.02 TÚRÁZÓ V5;120252706205870274;72;66;60;1.1;10;4;15.15;7;1091;0;0;0;0.0
2026-08-05;Nagy-Kevély csillagai;01 - Prospecting (LAL 1-2% + Kizárások) - Hideg – másolat;01.02 TÚRÁZÓ V5 – másolat;120252706747120274;81;49;46;1.07;1;1;2.04;81;1653;0;0;0;0.0
2026-08-05;Nagy-Kevély csillagai - Retargeting;02 - Retargeting (Web & Social meleg lista) - Meleg – másolat;02.01 - Termék V4;120252706205900274;631;436;368;1.18;16;5;3.67;39;1447;0;0;0;0.0
2026-08-05;Nagy-Kevély csillagai;01 - Prospecting (LAL 1-2% + Kizárások) - Hideg – másolat;01.01 - Termék V4 – másolat;120252706747110274;3121;1305;998;1.31;68;28;5.21;46;2392;0;0;0;0.0
2026-08-04;Nagy-Kevély csillagai - Retargeting;02 - Retargeting (Web & Social meleg lista) - Meleg – másolat;02.02 TÚRÁZÓ V5;120252706205870274;10;9;8;1.12;2;2;22.22;5;1111;0;0;0;0.0
2026-08-04;Nagy-Kevély csillagai - Retargeting;02 - Retargeting (Web & Social meleg lista) - Meleg – másolat;02.01 - Termék V4;120252706205900274;119;155;127;1.22;6;3;3.87;20;768;0;0;0;0.0
2026-08-04;Nagy-Kevély csillagai;01 - Prospecting (LAL 1-2% + Kizárások) - Hideg – másolat;01.01 - Termék V4 – másolat;120252706747110274;403;140;132;1.06;7;2;5.0;58;2879;0;0;0;0.0
2026-08-04;Nagy-Kevély csillagai;01 - Prospecting (LAL 1-2% + Kizárások) - Hideg – másolat;01.02 TÚRÁZÓ V5 – másolat;120252706747120274;949;479;401;1.19;32;15;6.68;30;1981;0;0;0;0.0
2026-08-03;Nagy-Kevély csillagai - Retargeting;02 - Retargeting (Web & Social meleg lista) - Meleg – másolat;02.02 TÚRÁZÓ V5;120252706205870274;4;3;2;1.5;0;0;0.0;0;1333;0;0;0;0.0
2026-08-03;Nagy-Kevély csillagai;01 - Prospecting (LAL 1-2% + Kizárások) - Hideg – másolat;01.01 - Termék V4 – másolat;120252706747110274;110;69;66;1.05;1;0;1.45;110;1594;0;0;0;0.0
2026-08-03;Nagy-Kevély csillagai - Retargeting;02 - Retargeting (Web & Social meleg lista) - Meleg – másolat;02.01 - Termék V4;120252706205900274;466;428;303;1.41;26;11;6.07;18;1089;0;0;0;0.0
2026-08-03;Nagy-Kevély csillagai;01 - Prospecting (LAL 1-2% + Kizárások) - Hideg – másolat;01.02 TÚRÁZÓ V5 – másolat;120252706747120274;1390;1282;1029;1.25;67;29;5.23;21;1084;0;0;0;0.0
2026-08-02;Nagy-Kevély csillagai - Retargeting;02 - Retargeting (Web & Social meleg lista) - Meleg – másolat;02.01 - Termék V4;120252706205900274;633;583;443;1.32;27;12;4.63;23;1086;0;0;0;0.0
2026-08-02;Nagy-Kevély csillagai;01 - Prospecting (LAL 1-2% + Kizárások) - Hideg – másolat;01.02 TÚRÁZÓ V5 – másolat;120252706747120274;2310;1186;932;1.27;77;35;6.49;30;1948;0;0;0;0.0
2026-08-01;Nagy-Kevély csillagai - Retargeting;02 - Retargeting (Web & Social meleg lista) - Meleg – másolat;02.01 - Termék V4;120252706205900274;541;441;342;1.29;17;6;3.85;32;1227;0;0;0;0.0
2026-08-01;Nagy-Kevély csillagai;01 - Prospecting (LAL 1-2% + Kizárások) - Hideg – másolat;01.02 TÚRÁZÓ V5 – másolat;120252706747120274;2999;1667;1223;1.36;102;51;6.12;29;1799;0;0;0;0.0
2026-07-31;Nagy-Kevély csillagai - Retargeting;02 - Retargeting (Web & Social meleg lista) - Meleg – másolat;02.02 TÚRÁZÓ V5;120252706205870274;17;12;12;1.0;3;2;25.0;6;1417;0;0;0;0.0
2026-07-31;Nagy-Kevély csillagai - Retargeting;02 - Retargeting (Web & Social meleg lista) - Meleg – másolat;02.01 - Termék V4;120252706205900274;513;446;331;1.35;27;12;6.05;19;1150;0;0;0;0.0
2026-07-31;Nagy-Kevély csillagai;01 - Prospecting (LAL 1-2% + Kizárások) - Hideg – másolat;01.02 TÚRÁZÓ V5 – másolat;120252706747120274;2005;1497;1134;1.32;92;50;6.15;22;1339;0;0;0;0.0
2026-07-30;Nagy-Kevély csillagai - Retargeting;02 - Retargeting (Web & Social meleg lista) - Meleg – másolat;02.02 TÚRÁZÓ V5;120252706205870274;6;12;12;1.0;0;0;0.0;0;500;0;0;0;0.0
2026-07-30;Nagy-Kevély csillagai - Retargeting;02 - Retargeting (Web & Social meleg lista) - Meleg – másolat;02.01 - Termék V4;120252706205900274;428;449;314;1.43;32;15;7.13;13;953;0;0;0;0.0
2026-07-30;Nagy-Kevély csillagai;01 - Prospecting (LAL 1-2% + Kizárások) - Hideg – másolat;01.02 TÚRÁZÓ V5 – másolat;120252706747120274;842;470;378;1.24;36;22;7.66;23;1791;0;0;0;0.0
2026-07-29;Nagy-Kevély csillagai - Retargeting;02 - Retargeting (Web & Social meleg lista) - Meleg – másolat;02.02 TÚRÁZÓ V5;120252706205870274;5;6;6;1.0;1;0;16.67;5;833;0;0;0;0.0
2026-07-29;Nagy-Kevély csillagai;02 - Retargeting (Web & Social meleg lista) - Meleg;02.02 TÚRÁZÓ V5;120252265398080274;13;9;9;1.0;1;0;11.11;13;1444;0;0;0;0.0
2026-07-29;Nagy-Kevély csillagai;01 - Prospecting (LAL 1-2% + Kizárások) - Hideg – másolat;01.02 TÚRÁZÓ V5 – másolat;120252706747120274;202;148;126;1.17;22;10;14.86;9;1365;0;0;0;0.0
2026-07-29;Nagy-Kevély csillagai - Retargeting;02 - Retargeting (Web & Social meleg lista) - Meleg – másolat;02.01 - Termék V4;120252706205900274;218;219;191;1.15;17;6;7.76;13;995;0;0;0;0.0
2026-07-29;Nagy-Kevély csillagai;02 - Retargeting (Web & Social meleg lista) - Meleg;02.01 - Termék V4;120252265398090274;683;750;639;1.17;55;22;7.33;12;911;0;0;0;0.0
2026-07-28;Nagy-Kevély csillagai;02 - Retargeting (Web & Social meleg lista) - Meleg;02.01 - Termék V4;120252265398090274;2157;2527;1840;1.37;145;53;5.74;15;854;3;23970;719;11.11
2026-07-27;Nagy-Kevély csillagai;02 - Retargeting (Web & Social meleg lista) - Meleg;02.02 TÚRÁZÓ V5;120252265398080274;157;69;62;1.11;9;2;13.04;17;2275;0;0;0;0.0
2026-07-27;Nagy-Kevély csillagai;02 - Retargeting (Web & Social meleg lista) - Meleg;02.01 - Termék V4;120252265398090274;3144;2917;2074;1.41;230;91;7.88;14;1078;4;31960;786;10.17
2026-07-26;Nagy-Kevély csillagai;02 - Retargeting (Web & Social meleg lista) - Meleg;02.02 TÚRÁZÓ V5;120252265398080274;0;0;0;0.0;0;0;0.0;0;0;0;0;0;0
2026-07-26;Nagy-Kevély csillagai;02 - Retargeting (Web & Social meleg lista) - Meleg;02.01 - Termék V4;120252265398090274;1751;1491;1223;1.22;125;64;8.38;14;1174;4;47940;438;27.38
