url,title,price,area_m2,floor,rooms,location,description,type,total_floors,condition,heating,construction_year,balcony,energy_class,scrape_date
https://www.zenga.hu/ingatlan/elado-panellakas-budapest-xv-kerulet/8592730?page=1&pos=1&cr=700,Budapest XV. kerület eladó panellakás 4 szobás: 77 millió Ft,77,68,földszint,4,"Eladó lakás, Budapest 15. ker.","Eladó Budapest XV kerületében, Újpalota parkos részén egy egyedi jellemző kell rendelkező felújított 68nm es lakás!A lakás 3 szobás és amerikai konyhás nappalival rendelkezik, az ingatlan a 1. emeleten helyezkedik el. A fűtés házközponti egyedi mérős. A hűtést két légkondicionáló biztosítja . A lakásban külön van a WC és fürdőszoba . Annak ellenére, hogy nincs erkély, a lakást egy hatalmas, zöld park veszi körül, amely szinte az erkély szerepét tölti be. Az ingatlan három szintes a részt vett a panelprogramban per-, teher- és igénymentes.A lakás környezete és elhelyezkedése egyszerűen kiváló. A Kőrakás park központi részén helyezkedik el, gyönyörű, zöld környezetben. Kiváló a közlekedés és a teljes infrastruktúra, a tömegközlekedési lehetőségek (például a 196, 96, 296, 196A, 130, 146, 7, 7E, 8E, 108E, 133E, 46-os buszok) mindössze 5 perc sétával elérhetőek. Szintén 5 percnyi sétával elérhető több bevásárlási lehetőség, mint az Aldi és a Lidl, továbbá a Pólus Center és az Ázsia Center (WorldMall). Az óvoda, iskola, gyógyszertár, drogéria, játszótér, teniszpálya és pingpongasztalok szintén a közelben találhatóak. A házzal szemben lévő erdő és a Szilas patak közelében tökéletes hosszú sétákhoz vagy kutyasétáltatáshoz. A parkolás ingyenes a ház körül, a lakáshoz pedig egy zárható tároló is tartozik a pincében. A lakók által gondozott kis kertek veszik körül az épületet, biztosítva a kellemes környezetet.Ez a lakás a tökéletes választás azok számára, akik a zöldövezeti nyugalmat, mégis a remek közlekedési lehetőségeket és infrastruktúrát keresik. Ne hagyja ki ezt a rendkívüli lehetőséget Újpalota legkeresettebb részén!
""Amennyiben a Duna House által hirdetett bármelyik ingatlan felkeltette az érdeklődését, további információra van szüksége, meg szeretné tekinteni, abban is állok rendelkezésére. 
MIBEN SEGÍTÜNK MÉG ÖNNEK?
- Jogi háttér biztosításában, 
- HITEL CENTRUM teljeskörű, bank semleges tanácsadásával és díjmentes hitel-ügyintézéssel, családtámogatási kedvezmények igénybevételének eligazodásában. FONTOS: NEMCSAK A NÁLUNK VÁSÁROLT INGATLANOK ESETÉBEN!
- Energetikai tanúsítvány beszerzésében.""
Jöjjön el,nézze meg és tegyen egy ajánlatot !!!
Érd: Szovák Ferenc, Tel: 06/30 1845915, e-mail: szovak.ferenc@dh.hu

Referencia szám: LK021605",Panellakás,,Távfűtés egyedi méréssel,,1970.0,,,2025-08-13
https://www.zenga.hu/ingatlan/elado-teglalakas-budapest-xiv-kerulet-alsorakos/8628719?page=1&pos=2&cr=650,Budapest XIV. kerület eladó téglalakás 3 szobás: 98 millió Ft,98,63,földszint,3,"Eladó kertkapcsolatos új építésű lakás családi házas övezetben hőszivattyús fűtéssel, kocsibeállóval","Tervezze meg álmai otthonát egy modern, energiatakarékos lakásban!

Eladó hivatalosan új építésű, gyakorlatban újjáépített földszinti lakás Budapest XIV. kerületében, csendes, családi házas övezetben, egy háromlakásos társasházban, amely közös kerttel rendelkezik. 2025 második negyedévben várható átadással és használatbavételi engedéllyel, CSOK Plusz hitelezhető – ideális otthon családoknak és pároknak!

Korszerű és energiatakarékos kialakítás:
Hőszivattyús fűtés H tarifával – fűtésszezonban fél áron fűthető!
Padlófűtés szigetelés az egész lakásban a maximális komfortért
15 cm EPS homlokzati szigetelés és 30 cm Rockwool Multirock tetőszigetelés
Háromrétegű, hő- és hangszigetelt ablakok

Egyedi kialakítás, személyre szabható burkolatok:
Hideg- és melegburkolatok 6000 Ft/m² árig az árban
Teljes fürdőszobai kialakítás – szaniterek, fürdőkád és zuhany kialakítása az árban

További extrák az árban:
Fedett kocsibeálló
2,5 m²-es zárható tároló

Ne hagyja ki ezt a kivételes lehetőséget! Alakítsa ki saját ízlése szerint új otthonát!

Hívjon bizalommal a részletekért és a megtekintésért!",Téglalakás,2.0,Új építésű,Hőszivattyú,2025.0,14.0,A++,2025-08-13
https://www.zenga.hu/ingatlan/elado-teglalakas-budapest-iv-kerulet-ujpest/8604171?page=1&pos=3&cr=601,"Budapest IV. kerület eladó téglalakás 2 szobás: 47,9 millió Ft",47,56,félemelet,2,Leírás,"Felújítandó, jól alakítható 2 szobás téglalakás eladó Újpesten, a Stop Shop közelében!

Eladásra kínálunk egy magasföldszinti, 2 szobás, felújítandó téglalakást Újpest csendes, zöldövezeti részén, a Stop Shop bevásárlóközpont közvetlen közelében.

A lakás jó elrendezésű, több szobásra is könnyedén átalakítható, így remek lehetőség saját otthonnak vagy befektetésnek egyaránt!

Főbb jellemzők:

2 szoba, jól alakítható belső elrendezés

Fűtés: gázkonvektor

Felújítandó állapot

Magasföldszinti elhelyezkedés

Parkosított környezet

A környék adottságai:

A közelben minden megtalálható, ami a mindennapi élethez szükséges:

Játszótér, óvoda, általános iskola

Fitness park, edzőterem

Spar, Eco Family, DM, gyógyszertár

Közlekedés:

Tömegközlekedés: 25, 104, 104A, 121, 170, 196, 204, 270-es busz, M3-as metró, S70 és S71-es vonatok

Autóval 10 percen belül elérhető az M0-s, M2-es, M3-as autópálya, valamint a Váci út is.",Téglalakás,1.0,Felújítandó,,,1960.0,Nem adta meg a hirdető,2025-08-13
https://www.zenga.hu/ingatlan/elado-tarsashazi-lakas-budapest-vi-kerulet-nagykoruton-beluli-terulet/7899058?page=1&pos=4&cr=600,"Budapest VI. kerület eladó társasházi lakás 1+1 fél szobás: 72,72 millió Ft",72,45,2. emelet,1,Eladó Zichy utcai lakás,"Eladó a Budapest, VI. kerületi Zichy utcában egy ténylegesen 48 nm, a tulajdoni lapon 45 nm bruttó alapterületű, másfél szobás, felújított, galériázható, társasházi lakás 72.720.000 Fornt (182.250 Euro) irányáron.
A társasházban jelenleg kb. 2 millió Ft összegű felújítási alap létesült.
A lakás kapcsán a havi a közös költség jelenleg 19.125,- Ft, amely már a vízfogyasztást is tartalmazza. 
(A hideghívások helyett a további ingatlanközvetítő önkéntes jelentkezésére, ajánlatokra emailben van lehetőség.)",Társasházi lakás,3.0,Jó állapotú,,,,Nincs,2025-08-13
https://www.zenga.hu/ingatlan/elado-teglalakas-budapest-viii-kerulet/8639628?page=1&pos=5&cr=600,"Budapest VIII. kerület eladó téglalakás 3 szobás: 73,9 millió Ft",73,66,1. emelet,3,"Eladó Lakás, Budapest 8. ker.","Az ingatlan modernizálásra szorul, azonban fekvésének és elosztásának köszönhetően elképesztő lehetőségeket rejt magában. A klasszikus nagypolgári hangulat, a nagy belmagasság és a széles utcára néző ablakok mind-mind olyan adottságok, melyekből állomotthon vagy akár prémium befektetés is vállhat.

Főbb jellemzők:
- kiváló lokáció: a város egyik legkeresettebb környékén, kulturális és közlekedési központok közelében,
- jó elosztás, remek alaprajz ezáltal könnyen alakítható az igények szerint; valamint belmagasságának köszönhetően galéria kiépítésével tovább bővíthető a kihasznált terület
- polgári elegencia mind a lépcsőházban, mind a lakásban,
- csendes belső udvar, világos terek.

Kérdés esetén keressen bizalommal!

 73900000 Ft

Referencia szám: M307067-ZE",,,Gáz (konvektor),,1930.0,,,2025-08-13
https://www.zenga.hu/ingatlan/elado-teglalakas-budapest-xiii-kerulet-vizafogo/8608201?page=1&pos=6&cr=600,Budapest XIII. kerület eladó téglalakás 2 szobás: 159 millió Ft,159,66,5. emelet,2,ÖRÖK DUNAI PANORÁMÁS LUXUSLAKÁS A MARINA PARTON,"?ÖRÖK DUNAI PANORÁMÁS LUXUSLAKÁS A MARINA PARTON – DÍJNYERTES ENTERIŐRREL!?
Magazinlakás – Frissen megjelent az Otthon & Megoldások magazinban!

? Álomotthon elérhető közelségben! Budapest egyik legkedveltebb vízparti lakóövezetében, a Marina Part legnagyobb sétálóutcájában kínáljuk eladásra ezt az 5. emeleti, 66 m²-es + 12 m²-es teraszos, dél-nyugati tájolású luxuslakást örök panorámával a Dunára! 

? Főbb jellemzők:

• Duna Terasz Grande prémium épületben
• Örök panoráma a nappaliból, hálóból és teraszról is
• 66 m² lakótér + 12 m² terasz – tökéletes elrendezés
• Dél-nyugati fekvés – napfényes terek egész nap
• Díjnyertes belsőépítészeti design – szakmai magazinokban bemutatva
• Nobilia konyha szigettel, Bosch és Miele gépekkel
• Olasz ?? és holland ?? design bútorok
• Smart home rendszer: mennyezeti hűtés-fűtés, világítás, redőnyök – távolról vezérelhetők
• Luxus burkolatok, egyedileg választott szaniterek – kompromisszummentes kivitelezés

? Elhelyezkedés: természet és város közelében

• Duna-parti sétány – 2 perc
• Népsziget – 8 perc
• Margit-sziget – 10 perc
• 15-ös busz – 1 perc
• M3 metró (Gyöngyösi utca) – 9 perc gyalog

? Tartozékok (kötelezően megvásárolandó):

• 16 m²-es autóbeálló – az épület legnagyobb parkolóhelye
• 4,06 m²-es tároló – közvetlenül a parkoló mellett
• Ár: +15 M Ft

?️ Designer bútorok + teljes berendezés: +8 M Ft

? Exkluzív lakóparki szolgáltatások:

• 0–24 órás portaszolgálat
• Közösségi tetőteraszok – napozó & grill
• Klubszoba – közösségi eseményekhez
• Játszószoba + zárt belső udvari játszótér
• Sporteszköz-tároló (kerékpár, SUP stb.)

? Ez a lakás azoknak szól, akik kompromisszumok nélkül keresik a kivételes minőséget, a nyugalmat és a lenyűgöző dunai panorámát Budapest szívében! ?
Ne csak lakást vásároljon – válasszon életstílust a Duna partján! ?✨

Irányár: 159 000 000 Ft
? Keressen bizalommal a megtekintésért!
06706786688",Téglalakás,8.0,Újszerű,Mennyezeti hűtés-fűtés,2024.0,12.0,A+,2025-08-13
https://www.zenga.hu/ingatlan/elado-panellakas-budapest-xix-kerulet-felso-kispest/8661974?page=1&pos=7&cr=595,"Budapest XIX. kerület eladó panellakás 2+2 fél szobás: 79,9 millió Ft",79,67,2. emelet,2,Teljes bútorzattal! - Felújított 4 szobás lakás a XIX. kerületben ➖kivételes lehetőség!,"Szeretett otthonunk új lakóit várja.

A 67 nm-es 2+2 fél szobás amerikai konyhás 2. emeleti lakás a kerület egyik legjobb részén (Bem utcában), központi helyen, mégis csendes környezetben helyezkedik el. Bevásárló lehetőségek (Spar, kispesti piac, Köki, Lidl, Aldi, Shopmark) gyógyszertár, önkormányzat, orvosi rendelő, iskola, óvoda, uszoda mind sétatávolságra, a Határ úti metró is villamossal mindössze 10 perc alatt elérhető. 

✨ A 10 lakásos (félemeletenként 1 lakás!) panelprogramos társasházban kiváló lakóközösség éli mindennapjait. Minden lakás egyedi mérőórákkal (víz, villany, távfűtés) felszerelt. A panelprogrammal egy időben új műanyag nyílászárók kerültek beépítésre, minden szoba redőnnyel felszerelt, a 3 hálószobán szunyogháló is található.

10 éve a lakás teljesen új külsőt kapott. Elektromos vezetékek cseréje megtörtént, a lakáson belüli vízvezetékek is kicserélve. A konyha eredeti helyén plusz egy szobát alakítottunk ki, így egy modern amerikai konyhás nappali plusz 3 szobás otthont varázsoltunk. A szobákban laminált parketta, a többi helyiségben (előszoba, közlekedő, kamra, konyha, külön wc és fürdőszoba) egységes kerámia lap került lerakásra. A fürdőszoba és wc olasz csempékkel burkolt, igényes külsőt kapott. A konyhabútor egyedileg, saját tervezés alapján került beépítésre, a vételár részét képezi. A lakáshoz tartozik egy tároló is a pincében. A lakás hűtő-fűtő klímával felszerelt. 

A jó lakóközösség egyik biztosítéka, hogy a társasház folyamatosan karbantartott, jelentős megtakarítással bír. Közös költség 15.000 Ft. A ház előtt egy hatalmas ingyenes parkoló a lakók állandó rendelkezésére áll. 

➡️Az ingatlan per-, teher- és hitelmentes.

Irányár: 79.900.000 Ft

Ide tényleg csak költözni kell, idén tavasszal a szobák új festést is kaptak. 

✨✨✨Az ár alkuképes, de alku nélkül a lakás akár teljes berendezéssel együtt is eladó.

Ingatlanos segítségét köszönjük, nem kérjük‼️‼️",Panellakás,5.0,Újszerű,Távfűtés egyedi méréssel,1984.0,,Nincs,2025-08-13
https://www.zenga.hu/ingatlan/elado-teglalakas-budapest-vii-kerulet-ligetvaros/8655552?page=1&pos=8&cr=575,Budapest VII. kerület eladó téglalakás 3+1 fél szobás: 109 millió Ft,109,101,3. emelet,3,"Frissen felújított, körbenapozott saroklakás kitűnő helyen","Felújított, körbenapozott, SAROKLAKÁS lakás a VII. kerületben, a Városligetnél, az ország infrastrukturálisan legjobban ellátott területén.

Ha fontos Önnek vagy befektetőként bérlőjének, hogy a pesti oldal egyik legtisztább levegőjű és élettel teli környezetében, a Városligetnél és Hősök terénél / a Keleti-pályaudvarnál legyen lakása akkor ezt ajánljuk szíves figyelmébe.

A LAKÁS - A 3. emeleti (5 szintes, liftes házban) nyugat és észak-nyugat tájolású, hűtő-fűtő klímás saroklakás 3 külön bejáratú, napos szobával rendelkezik. Az egyik szobához egy 4 nm-es walk-in gardrób került kialakításra. Belmagasság: 3,6m, tehát fekvőgaléria kialakítható.

A víz, a csatorna és villany hálózat illetve a burkolatok, a nyílászárók (belső és a hang, - és hőszigetelt külső) teljes körű cseréje megtörtént, a lakás felújítása 2 hete fejeződött be.

Airbnb engedély folyamatban (Parkside Residence név alatt), az engedély megadása után 8-10 fő együttes és kényelmes elszállásolására lesz lehetőség. Mivel a lakás minden fontosabb turisztikai látványossághoz közel van, így népszerűsége garantált.

A HÁZ - A kerület ezen a részén a befektetők igencsak aktívak. Az 5 szintes, liftes házban eddig idősek laktak, de 3 éve folyamatosan veszik meg a lakásokat fiatalok és befektetők: idén eddig 5 lakás újult meg és jelenleg is további 4 helyen újítják fel a lakásokat. A ház közepes állapotú, felújítási alap van, pár éven belül várható a teljes felújítás.

KIADHATÓSÁG - Jelenleg a házban lévő lakások közel fele hosszú távon bérbe van adva. A lakás kiadása esetén 8-10 főnek nyújt kényelmes szálláslehetőséget a 3 szobában. A 400m-re fekvő Állatorvosi Egyetemen tanuló – jellemzően külföldi - diákok jelenleg is két lakást is bérelnek a házban, az egyetem közelsége miatt a piacinál jelentősen magasabb díjért.

A környezet, az infrastruktúra önmagáért beszél a felújított Városliget és a Dózsa György út (150 méter), illetve a Thököly út (300m) közelsége egyaránt a lakás előnyére szolgál.

KÖZLEKEDÉS:
- Buszok: 300m-en belül: 20, 30, 30A, 230, 5, 7, 110, 112, 979 (éjszakai)
- Trolik: 74 és 79 (40 méter), 70 és 78 (200m)
- Metrók: M1, M2 és M4-es metrók (750m, 7 perc gyalog)
- Vasút: Keleti Pályaudvar (750m, 7 perc gyalog)
- Villamosok: 1, 4, 6 (1km)

ELÉRHETŐ SZOLGÁLTATÁSOK („Itt minden van.”):
- Egészségügy: Háziorvos/Ügyelet: 120m, Kórház: 500m, Gyógyszertárak (3 db 300 méteren belül), Állatorvos (9 db,500méteren belül), stb.
- Oktatás: 500 méteren belül 4 egyetem (Állatorvosi Egyetem, Károli Gáspár Egyetem, Liszt Ferenc Zeneművészeti Egyetem, Képzőművészeti Egyetem); 8 középiskola (amelyek közül 4 az ország legjobb 15 gimnáziuma között van); McDaniel College, számos általános iskola, illetve bölcsőde és óvoda (a ház bejáratától 50m-re).
- 4 bevásárlóközpont: Garay téri piac és bevásárlóközpont (200m), Ligetváros bevásárlóudvar (500m), Récsei Center, Aréna Plaza (1,5km)
- Szórakozás: éttermek (24 db 500 méteren belül: japán, kínai, vietnámi, magyar, speciális, stb.); kávézók, pubok a felújított Garay téren, edzőtermek, stb.
- 2km-en belül a Hősök tere/Városligetben: Műjégpálya, Széchenyi Termálfürdő és Uszoda, múzeumok, sportpályák, kutyafuttatók, Közép-Európa legnagyobb játszótere, szabadtéri edzőtermek, rekortán futópálya, stb…
- Parkolás: az utcán parkolási díjköteles, de kizárólagos lakossági parkolási engedély igényelhető - évente lakásonként az első autóra bruttó 38.200 Ft, a másodikra 74.200 Ft/év díjért. 

ÜZLETEK:
- 200 méteren belül: Penny Market, CBA, 8 kisbolt, hentes, zöldséges, pékség, speciális boltok, posta, (orosz, török, indiai, stb), stb.
- 500 méteren belül: 2 SPAR, Tesco, Coop, Lidl, Aldi, stb. 
- 5 db éjjel-nappali bolt és 2 dohánybolt a ház bejáratótl számított 400 méteren belül.
- Szolgáltatások (virágos, telefonbolt, gumis, autószerelő, stb…)

INGATLANOSOKNAK!
Kérem, ha hirdetni szeretné ne hívjon, abban nem tud segíteni.
Amennyiben viszont KONKRÉT érdeklődője van, akkor várom jelentkezését!",Téglalakás,5.0,Felújított,,,,38 000 Ft/hó,2025-08-13
https://www.zenga.hu/ingatlan/elado-teglalakas-budapest-vii-kerulet/8656053?page=1&pos=9&cr=550,Budapest VII. kerület eladó téglalakás 2 szobás: 55 millió Ft,55,45,földszint,2,"Eladó Lakás, Budapest 7. ker.","Eladó egy 45 nm-es, földszinti, teljeskörűen felújított, napsütötte időben világos lakás a város egyik legkedveltebb részén, a Városligettől mindössze 3 perc sétára, Ligetváros egyik legtisztább levegőjű utcájában! 

A lakás 2 különbejáratú szobával, hatalmas ablakokkal, ide tervezett és beépített konyhával, kondenzációs kombi gázkazán fűtéssel rendelkezik egy frissen felújított társasházban. Az ablakok egy hátsó, zárt, tiszta és világos udvarra néznek. Az ingatlan így egy csendes oázis a lüktető városban! 

Elhelyezkedése kiváló, a Múzeum negyed a Városligetben, éttermek, boltok, troli és buszmegállók gyalogosan 100 méteren belül elérhetőek. 

Ha szeretne egy igényes, azonnal költözhető lakást Budapest egyik legjobb környékén, ez a lehetőség Önnek szól!

Referencia szám: M307003",Téglalakás,,Gázkazán,,1920.0,,,2025-08-13
