url,title,price,area_m2,floor,rooms,location,Típus,Szintek száma,Állapot,Fűtés,Energetikai besorolás,scrape_date,Napelem,Építés éve,Átlagos rezsiköltség,Erkély,,Terasz
https://www.zenga.hu/ingatlan/kiado-teglalakas-budapest-xiii-kerulet-ujlipotvaros/8611233?page=1&pos=4&cr=76,Budapest XIII. kerület kiadó téglalakás 1 szobás: 185 ezer Ft,185.0,33.0,33 m²,1.0,"Budapest XIII. kerület, Újlipótváros, Kárpát utca",Téglalakás,3,Jó állapotú,Gáz (konvektor),Nem adta meg a hirdető,2025-10-02,,,,,,
https://www.zenga.hu/ingatlan/kiado-tarsashazi-lakas-budapest-iv-kerulet/8612889?page=1&pos=5&cr=51,Budapest IV. kerület kiadó társasházi lakás 2 szobás: 200 ezer Ft,200.0,56.0,56 m²,2.0,"Budapest IV. kerület, Bródy utca",Társasházi lakás,,Újszerű,Gáz (konvektor),Nem adta meg a hirdető,2025-10-02,Nincs,,,,,
https://www.zenga.hu/ingatlan/kiado-egyeb-lakas-budapest-x-kerulet/8704755?page=1&pos=6&cr=30,Budapest X. kerület kiadó egyéb lakás 1 szobás: 180 ezer Ft,180.0,34.0,34 m²,1.0,Budapest X. kerület,Egyéb lakás,,Átlagos,,Nem adta meg a hirdető,2025-10-02,,1980,,,,
https://www.zenga.hu/ingatlan/kiado-teglalakas-budapest-vii-kerulet-ligetvaros/8682747?page=1&pos=7&cr=20,Budapest VII. kerület kiadó téglalakás 2 szobás: 160 ezer Ft,160.0,34.0,34 m²,2.0,"Budapest VII. kerület, Ligetváros",Téglalakás,4,Átlagos,Gáz (konvektor),Nem adta meg a hirdető,2025-10-02,Nincs,1920,30 000 Ft/hó,,,
https://www.zenga.hu/ingatlan/kiado-teglalakas-budapest-xiii-kerulet-angyalfold/8684613?page=1&pos=8&cr=18,Budapest XIII. kerület kiadó téglalakás 1+1 fél szobás: 190 ezer Ft,190.0,40.0,40 m²,1.0,"Budapest XIII. kerület, Angyalföld, Faludi utca",Téglalakás,,Felújított,,Nem adta meg a hirdető,2025-10-02,,,,,,
https://www.zenga.hu/ingatlan/kiado-teglalakas-budapest-vi-kerulet-diplomatanegyed/8715692?page=1&pos=1&cr=110,Budapest VI. kerület kiadó téglalakás 1 szobás: 200 ezer Ft,200.0,38.0,38 m²,1.0,"Budapest VI. kerület, Diplomatanegyed",Téglalakás,3,Felújított,Elektromos,,2025-10-02,,,,,,
https://www.zenga.hu/ingatlan/kiado-teglalakas-budapest-ix-kerulet-rehabilitacios-terulet-ix-/8724080?page=1&pos=9&cr=11,Budapest IX. kerület kiadó téglalakás 1+1 fél szobás: 180 ezer Ft,180.0,37.0,37 m²,1.0,"Budapest IX. kerület, Rehabilitációs terület IX. ker.",Téglalakás,5,Újszerű,Házközponti fűtés egyedi méréssel,Nem adta meg a hirdető,2025-10-02,,2012,,,,
https://www.zenga.hu/ingatlan/kiado-panellakas-budapest-xix-kerulet/8726453?page=1&pos=3&cr=100,Budapest XIX. kerület kiadó panellakás 1+1 fél szobás: 200 ezer Ft,200.0,37.0,37 m²,1.0,"Budapest XIX. kerület, Csokonai utca 16.",Panellakás,10,,,,2025-10-02,,,,,,
https://www.zenga.hu/ingatlan/kiado-teglalakas-budapest-vii-kerulet/8630364?page=1&pos=10&cr=10,Budapest VII. kerület kiadó téglalakás 2 szobás,1.0,80.0,80 m²,2.0,Budapest VII. kerület,Téglalakás,4,Felújított,,Nem adta meg a hirdető,2025-10-02,Nincs,,,4 m²,,
https://www.zenga.hu/ingatlan/kiado-teglalakas-budapest-v-kerulet/8688754?page=1&pos=15,Budapest V. kerület kiadó téglalakás 2 szobás: 1 ezer Ft,1.0,55.0,55 m²,2.0,Budapest V. kerület,Téglalakás,4,Felújított,,Nem adta meg a hirdető,2025-10-02,Nincs,,,,,
https://www.zenga.hu/ingatlan/kiado-teglalakas-budapest-xvi-kerulet-sashalom/8723766?page=1&pos=12&cr=5,Budapest XVI. kerület kiadó téglalakás 1 szobás: 170 ezer Ft,170.0,35.0,35 m²,1.0,"Budapest XVI. kerület, Sashalom, Vívó utca 1/A",Téglalakás,4,Felújított,Gáz (konvektor),Nem adta meg a hirdető,2025-10-02,,,30 000 Ft/hó,,,
https://www.zenga.hu/ingatlan/kiado-teglalakas-budapest-ix-kerulet-kozepso-ferencvaros/8718228?page=1&pos=13&cr=5,Budapest IX. kerület kiadó téglalakás 1 szobás: 165 ezer Ft,,,,,,,,,,,2025-10-02,,,,,,
https://www.zenga.hu/ingatlan/kiado-teglalakas-budapest-vii-kerulet/8698222?page=1&pos=14&cr=5,,,,,,,,,,,,2025-10-02,,,,,,
https://www.zenga.hu/ingatlan/kiado-teglalakas-budapest-vi-kerulet/8728283?page=1&pos=16,Budapest VI. kerület kiadó téglalakás 3 szobás: 2 ezer Ft,2.0,100.0,100 m²,3.0,Budapest VI. kerület,Téglalakás,5,Felújított,,Nem adta meg a hirdető,2025-10-02,Nincs,,,1 m²,,
https://www.zenga.hu/ingatlan/kiado-teglalakas-budapest-x-kerulet/8726485?page=1&pos=2&cr=100,Budapest XXI. kerület kiadó téglalakás 1 szobás: 180 ezer Ft,180.0,35.0,35 m²,1.0,"Budapest XXI. kerület, Csepel Kertváros, Katona József utca 31.",Téglalakás,,,,,2025-10-02,,,,,,
https://www.zenga.hu/ingatlan/kiado-teglalakas-budapest-xxi-kerulet-csepel-kertvaros/8720097?page=1&pos=11&cr=5,Budapest XXI. kerület kiadó téglalakás 1 szobás: 180 ezer Ft,180.0,35.0,35 m²,1.0,"Budapest XXI. kerület, Csepel Kertváros, Katona József utca 31.",,,,,,2025-10-02,,,,,,
https://www.zenga.hu/ingatlan/kiado-teglalakas-budapest-viii-kerulet/8699559?page=1&pos=18,Budapest VIII. kerület kiadó téglalakás 1 szobás: 190 ezer Ft,190.0,38.0,38 m²,1.0,"Budapest VIII. kerület, Jázmin utca",Téglalakás,6,Újszerű,Házközponti fűtés egyedi méréssel,Nem adta meg a hirdető,2025-10-02,,,,,,
https://www.zenga.hu/ingatlan/kiado-tarsashazi-lakas-budapest-xi-kerulet/8646787?page=1&pos=20,Budapest XI. kerület kiadó társasházi lakás 1 szobás: 180 ezer Ft,180.0,33.0,33 m²,1.0,"Budapest XI. kerület, Feneketlen tó közelében, Bocskai út",Társasházi lakás,,Újszerű,Gáz (konvektor),Nem adta meg a hirdető,2025-10-02,Nincs,19550,,,,
https://www.zenga.hu/ingatlan/kiado-teglalakas-budapest-v-kerulet/8696229?page=1&pos=19,,,,,,,,,,,,2025-10-02,,,,,,
https://www.zenga.hu/ingatlan/kiado-teglalakas-budapest-vi-kerulet/8630376?page=2&pos=3,Budapest VI. kerület kiadó téglalakás 3 szobás: 2 ezer Ft,2.0,105.0,105 m²,3.0,Budapest VI. kerület,Téglalakás,4,Felújított,,Nem adta meg a hirdető,2025-10-02,Nincs,,,,,
https://www.zenga.hu/ingatlan/kiado-tarsashazi-lakas-budapest-xviii-kerulet/8700301?page=2&pos=4,Budapest XVIII. kerület kiadó társasházi lakás 1+1 fél szobás: 180 ezer Ft,180.0,35.0,35 m²,1.0,"Budapest XVIII. kerület, Havanna utca",Társasházi lakás,,Átlagos,Távfűtés,E,2025-10-02,Nincs,1980,,,,
https://www.zenga.hu/ingatlan/kiado-teglalakas-budapest-xx-kerulet-pacsirtatelep/8561421?page=2&pos=5,Budapest XX. kerület kiadó téglalakás 1 szobás: 160 ezer Ft,160.0,33.0,33 m²,1.0,"Budapest XX. kerület, Pacsirtatelep",Téglalakás,,Átlagos,Gázkazán,F,2025-10-02,,1930,,,,
https://www.zenga.hu/ingatlan/kiado-teglalakas-budapest-xiv-kerulet-zuglo/8650141?page=1&pos=17,Budapest XIV. kerület kiadó téglalakás 1+1 fél szobás: 170 ezer Ft,170.0,37.0,,2.0,Budapest V. kerület,Téglalakás,4,Felújított,,Nem adta meg a hirdető,2025-10-02,Nincs,,,,,
https://www.zenga.hu/ingatlan/kiado-teglalakas-budapest-v-kerulet/8630378?page=2&pos=6,Budapest V. kerület kiadó téglalakás 2 szobás,1.0,50.0,50 m²,2.0,Budapest V. kerület,Téglalakás,4,Felújított,,Nem adta meg a hirdető,2025-10-02,Nincs,,,,,
https://www.zenga.hu/ingatlan/kiado-teglalakas-budapest-vii-kerulet/8707151?page=2&pos=7,Budapest VII. kerület kiadó téglalakás 1+1 fél szobás: 200 ezer Ft,200.0,33.0,33 m²,1.0,Budapest VII. kerület,Téglalakás,,Jó állapotú,Gáz (konvektor),Nem adta meg a hirdető,2025-10-02,,1920,,,,
https://www.zenga.hu/ingatlan/kiado-teglalakas-budapest-xii-kerulet/8725684?page=2&pos=8,Budapest XII. kerület kiadó téglalakás 1 szobás: 200 ezer Ft,200.0,35.0,35 m²,1.0,"Budapest XII. kerület, Csörsz utca",Téglalakás,,Újszerű,,Nem adta meg a hirdető,2025-10-02,,,,,,
https://www.zenga.hu/ingatlan/kiado-teglalakas-budapest-vii-kerulet/8696221?page=2&pos=9,Budapest VII. kerület kiadó téglalakás 1 szobás: 200 ezer Ft,200.0,42.0,42 m²,1.0,"Budapest VII. kerület, Király utca",Téglalakás,5,Újszerű,Elektromos,C,2025-10-02,,,,,,
https://www.zenga.hu/ingatlan/kiado-teglalakas-budapest-viii-kerulet-ii-janos-pal-papa-ter/8727955?page=2&pos=13,Budapest VIII. kerület kiadó téglalakás 1 szobás: 190 ezer Ft,190.0,35.0,35 m²,1.0,"Budapest VIII. kerület, II. János Pál pápa tér",Téglalakás,,Átlagos,Gáz (konvektor),Nem adta meg a hirdető,2025-10-02,,1950,,,,
https://www.zenga.hu/ingatlan/kiado-teglalakas-budapest-xi-kerulet/8679863?page=2&pos=12,Budapest XI. kerület kiadó téglalakás 1 szobás: 195 ezer Ft,195.0,33.0,33 m²,1.0,"Budapest XI. kerület, Október huszonharmadika utca",Téglalakás,8,Újszerű,Távfűtés,Nem adta meg a hirdető,2025-10-02,,,,,,
https://www.zenga.hu/ingatlan/kiado-teglalakas-budapest-xv-kerulet-rakospalota/8729795?page=2&pos=15,Budapest XV. kerület kiadó téglalakás 2 szobás: 180 ezer Ft,180.0,56.0,56 m²,2.0,"Budapest XV. kerület, Rákospalota, Bethlen Gábor u.",Téglalakás,3,Újszerű,Gázkazán,B,2025-10-02,Nincs,2005,38 000 Ft/hó,,,
https://www.zenga.hu/ingatlan/kiado-teglalakas-budapest-xiii-kerulet-ujlipotvaros/8729718?page=2&pos=16,Budapest XIII. kerület kiadó téglalakás 2 szobás: 200 ezer Ft,200.0,51.0,51 m²,2.0,"Budapest XIII. kerület, Újlipótváros, Katona József utca",Téglalakás,,Átlagos,,Nem adta meg a hirdető,2025-10-02,,,,,,
https://www.zenga.hu/ingatlan/kiado-tarsashazi-lakas-budapest-vii-kerulet/8634602?page=2&pos=18,Budapest VII. kerület kiadó társasházi lakás 1 szobás: 200 ezer Ft,200.0,50.0,50 m²,1.0,"Budapest VII. kerület, Nyár utca",Társasházi lakás,,Átlagos,Gáz (konvektor),Nem adta meg a hirdető,2025-10-02,Nincs,,,,,
https://www.zenga.hu/ingatlan/kiado-teglalakas-budapest-xiii-kerulet/8729707?page=2&pos=17,Budapest XIII. kerület kiadó téglalakás 1 szobás: 190 ezer Ft,190.0,33.0,33 m²,1.0,"Budapest XIII. kerület, Üteg utca",Téglalakás,3,Felújított,Gázkazán,Nem adta meg a hirdető,2025-10-02,,,,,,
https://www.zenga.hu/ingatlan/kiado-teglalakas-budapest-xiii-kerulet/8720110?page=2&pos=11,Budapest XIII. kerület kiadó téglalakás 1+1 fél szobás: 200 ezer Ft,200.0,50.0,50 m²,1.0,"Budapest XIII. kerület, Váci út",,,,,,2025-10-02,,,,,,
https://www.zenga.hu/ingatlan/kiado-tarsashazi-lakas-budapest-ix-kerulet/8675318?page=3&pos=1,Budapest IX. kerület kiadó társasházi lakás 1 szobás: 180 ezer Ft,180.0,35.0,35 m²,1.0,"Budapest IX. kerület, Friss utca",Társasházi lakás,,Átlagos,Távfűtés,Nem adta meg a hirdető,2025-10-02,Nincs,,,,,
https://www.zenga.hu/ingatlan/kiado-tarsashazi-lakas-budapest-ix-kerulet/8727438?page=2&pos=10,,200.0,35.0,35 m²,1.0,"Budapest IX. kerület, Berzenczey utca",Téglalakás,5,Új építésű,Házközponti fűtés egyedi méréssel,B,2025-10-02,,,,,,
https://www.zenga.hu/ingatlan/kiado-teglalakas-budapest-vi-kerulet/8728108?page=2&pos=20,Budapest VI. kerület kiadó téglalakás 1 szobás: 190 ezer Ft,190.0,46.0,46 m²,1.0,"Budapest VI. kerület, Nagymező utca",Téglalakás,4,Felújított,Gáz (konvektor),Nem adta meg a hirdető,2025-10-02,,1900,,,,
https://www.zenga.hu/ingatlan/kiado-tarsashazi-lakas-budapest-xxi-kerulet/8727430?page=3&pos=2,Budapest XXI. kerület kiadó társasházi lakás 1+1 fél szobás: 150 ezer Ft,150.0,46.0,46 m²,1.0,"Budapest XXI. kerület, ORION utca",Társasházi lakás,,Átlagos,Gáz (konvektor),Nem adta meg a hirdető,2025-10-02,Nincs,,,,,
https://www.zenga.hu/ingatlan/kiado-panellakas-budapest-iii-kerulet/8729666?page=3&pos=3,Budapest III. kerület kiadó panellakás 2 szobás: 180 ezer Ft,180.0,51.0,51 m²,2.0,"Budapest III. kerület, Hadrianus utca",Panellakás,10,Jó állapotú,Távfűtés egyedi méréssel,Nem adta meg a hirdető,2025-10-02,,1970,,,,
https://www.zenga.hu/ingatlan/kiado-teglalakas-budapest-ix-kerulet/8682732?page=2&pos=19,Budapest IX. kerület kiadó téglalakás 1 szobás: 200 ezer Ft,200.0,35.0,35 m²,1.0,"Budapest IX. kerület, Berzenczey utca",Téglalakás,5,Új építésű,Házközponti fűtés egyedi méréssel,,2025-10-02,,,,,,
https://www.zenga.hu/ingatlan/kiado-teglalakas-budapest-vi-kerulet/8727668?page=3&pos=4,Budapest VI. kerület kiadó téglalakás 2 szobás: 180 ezer Ft,180.0,42.0,42 m²,2.0,Budapest VI. kerület,Téglalakás,3,Átlagos,Gáz (konvektor),D,2025-10-02,,1920,,,,
https://www.zenga.hu/ingatlan/kiado-teglalakas-budapest-xxi-kerulet-csepel-kertvaros/8728292?page=3&pos=5,Budapest XXI. kerület kiadó téglalakás 2 szobás: 190 ezer Ft,190.0,54.0,54 m²,2.0,"Budapest XXI. kerület, Csepel Kertváros, Bajcsy-Zsilinszky út",Téglalakás,4,Jó állapotú,Gáz (konvektor),A+,2025-10-02,Nincs,,18 000 Ft/hó,6 m²,,
https://www.zenga.hu/ingatlan/kiado-tarsashazi-lakas-budapest-xiv-kerulet/8697050?page=3&pos=6,Budapest XIV. kerület kiadó társasházi lakás 2 szobás: 200 ezer Ft,200.0,55.0,55 m²,2.0,"Budapest XIV. kerület, Bolgárkertész utca",Társasházi lakás,,Átlagos,Gáz (konvektor),Nem adta meg a hirdető,2025-10-02,Nincs,,,,,
https://www.zenga.hu/ingatlan/kiado-teglalakas-budapest-xv-kerulet/8630242?page=3&pos=7,Budapest XV. kerület kiadó téglalakás 1 szobás: 185 ezer Ft,185.0,40.0,40 m²,1.0,"Budapest XV. kerület, Rákóczi utca",Téglalakás,1,Jó állapotú,,Nem adta meg a hirdető,2025-10-02,,,,,,
https://www.zenga.hu/ingatlan/kiado-teglalakas-budapest-xiii-kerulet-angyalfold/8728274?page=3&pos=8,Budapest XIII. kerület kiadó téglalakás 3 szobás: 200 ezer Ft,200.0,68.0,68 m²,3.0,"Budapest XIII. kerület, Angyalföld, Szent László út",Téglalakás,2,Felújított,Gáz (héra),Nem adta meg a hirdető,2025-10-02,,,,,,
https://www.zenga.hu/ingatlan/kiado-teglalakas-budapest-vi-kerulet/8727669?page=3&pos=10,Budapest VI. kerület kiadó téglalakás 2 szobás: 200 ezer Ft,200.0,51.0,51 m²,2.0,Budapest VI. kerület,Téglalakás,4,Átlagos,Gáz (konvektor),Nem adta meg a hirdető,2025-10-02,,1886,,,,
https://www.zenga.hu/ingatlan/kiado-teglalakas-budapest-iv-kerulet-ujpest/8721457?page=3&pos=9,Budapest IV. kerület kiadó téglalakás 5+1 fél szobás,1.0,150.0,150 m²,5.0,"Budapest IV. kerület, Újpest",Téglalakás,1,Új építésű,Gáz (konvektor),A++,2025-10-02,Nincs,2006,,20 m²,,20 m²
https://www.zenga.hu/ingatlan/kiado-panellakas-budapest-xviii-kerulet/8718958?page=3&pos=18,Budapest XVIII. kerület kiadó panellakás 2 szobás: 200 ezer Ft,200.0,53.0,53 m²,2.0,Budapest XVIII. kerület,Panellakás,,Jó állapotú,Távfűtés egyedi méréssel,Nem adta meg a hirdető,2025-10-02,,1980,,4 m²,,
https://www.zenga.hu/ingatlan/kiado-teglalakas-budapest-viii-kerulet-jozsefvaros/8726055?page=4&pos=1,Budapest VIII. kerület kiadó téglalakás 2 szobás: 190 ezer Ft,190.0,46.0,46 m²,2.0,"Budapest VIII. kerület, Józsefváros",Téglalakás,,Jó állapotú,Házközponti fűtés egyedi méréssel,C,2025-10-02,,2007,,,,
https://www.zenga.hu/ingatlan/kiado-panellakas-budapest-iv-kerulet-ujpest/8723493?page=4&pos=2,Budapest IV. kerület kiadó panellakás 1+1 fél szobás: 190 ezer Ft,190.0,35.0,35 m²,1.0,"Budapest IV. kerület, Újpest, Aradi",Panellakás,10,Jó állapotú,Távfűtés egyedi méréssel,Nem adta meg a hirdető,2025-10-02,,,,,,
https://www.zenga.hu/ingatlan/kiado-teglalakas-budapest-iii-kerulet-romaifurdo/8727775?page=3&pos=16,Budapest III. kerület kiadó téglalakás 1+1 fél szobás: 185 ezer Ft,185.0,51.0,51 m²,1.0,"Budapest III. kerület, Rómaifürdő, Ányos utca",Téglalakás,,,,,2025-10-02,,,,,,
https://www.zenga.hu/ingatlan/kiado-teglalakas-budapest-xi-kerulet-kelenfold/8669818?page=3&pos=11,,195.0,35.0,35 m²,1.0,Budapest XIX. kerület,Panellakás,10,Felújított,Távfűtés egyedi méréssel,Nem adta meg a hirdető,2025-10-02,,1980,,,,
https://www.zenga.hu/ingatlan/kiado-panellakas-budapest-xix-kerulet/8653369?page=3&pos=20,Budapest XIX. kerület kiadó panellakás 1+1 fél szobás: 195 ezer Ft,195.0,35.0,35 m²,1.0,Budapest XIX. kerület,Panellakás,10,Felújított,Távfűtés egyedi méréssel,,2025-10-02,,1980,,,,
https://www.zenga.hu/ingatlan/kiado-teglalakas-budapest-vii-kerulet-nagykoruton-beluli-terulet/8490925?page=4&pos=4,Budapest VII. kerület kiadó téglalakás 1 szobás: 190 ezer Ft,190.0,35.0,35 m²,1.0,"Budapest VII. kerület, Belső-Erzsébetváros",Téglalakás,4,,,,2025-10-02,,,,,,
https://www.zenga.hu/ingatlan/kiado-teglalakas-budapest-iii-kerulet-obuda/8727948?page=3&pos=14,,190.0,40.0,40 m²,1.0,"Budapest IV. kerület, Újpest, József Attila utca",Téglalakás,3,,,,2025-10-02,,,,,,
https://www.zenga.hu/ingatlan/kiado-teglalakas-budapest-iii-kerulet/8714759?page=4&pos=5,Budapest III. kerület kiadó téglalakás 1 szobás: 195 ezer Ft,195.0,35.0,35 m²,1.0,"Budapest III. kerület, Pünkösdfürdő utca",Téglalakás,4,Újszerű,Házközponti fűtés egyedi méréssel,Nem adta meg a hirdető,2025-10-02,,,,,,
https://www.zenga.hu/ingatlan/kiado-teglalakas-budapest-iv-kerulet-ujpest/8726250?page=4&pos=3,Budapest IV. kerület kiadó téglalakás 1 szobás: 190 ezer Ft,190.0,40.0,40 m²,1.0,"Budapest IV. kerület, Újpest, József Attila utca",Téglalakás,3,,,,2025-10-02,,,,,,
https://www.zenga.hu/ingatlan/kiado-teglalakas-budapest-xiii-kerulet-vizafogo/8712173?page=4&pos=6,Budapest XIII. kerület kiadó téglalakás 1+1 fél szobás: 200 ezer Ft,200.0,50.0,50 m²,1.0,"Budapest XIII. kerület, Vizafogó, Váci út",Téglalakás,10,Átlagos,Távfűtés,D,2025-10-02,,,,,,
https://www.zenga.hu/ingatlan/kiado-teglalakas-budapest-xiii-kerulet-ujlipotvaros/8719531?page=4&pos=7,Budapest XIII. kerület kiadó téglalakás 1 szobás: 189 ezer Ft,189.0,34.0,34 m²,1.0,"Budapest XIII. kerület, Újlipótváros, Balzac utca",Téglalakás,5,Újszerű,Távfűtés,Nem adta meg a hirdető,2025-10-02,,,,,,
https://www.zenga.hu/ingatlan/kiado-teglalakas-budapest-iii-kerulet-romaifurdo/8711578?page=4&pos=9,Budapest III. kerület kiadó téglalakás 1 szobás: 200 ezer Ft,200.0,41.0,41 m²,1.0,"Budapest III. kerület, Rómaifürdő",Téglalakás,1,Jó állapotú,Elektromos,Nem adta meg a hirdető,2025-10-02,,1968,,,,
https://www.zenga.hu/ingatlan/kiado-teglalakas-budapest-x-kerulet-kobanya/8690196?page=4&pos=11,Budapest X. kerület kiadó téglalakás 1+1 fél szobás: 190 ezer Ft,190.0,40.0,40 m²,1.0,"Budapest X. kerület, Kőbánya",Téglalakás,1,Felújított,Elektromos,Nem adta meg a hirdető,2025-10-02,,,,,,
https://www.zenga.hu/ingatlan/kiado-teglalakas-budapest-xiii-kerulet-ujlipotvaros/8697834?page=4&pos=8,Budapest XIII. kerület kiadó téglalakás 1 szobás: 180 ezer Ft,180.0,33.0,33 m²,1.0,"Budapest XIII. kerület, Újlipótváros, Pannónia utca",Téglalakás,7,Újszerű,Távfűtés egyedi méréssel,,2025-10-02,,,,,,
https://www.zenga.hu/ingatlan/kiado-teglalakas-budapest-viii-kerulet/8690382?page=4&pos=12,Budapest VIII. kerület kiadó téglalakás 2 szobás: 200 ezer Ft,200.0,69.0,69 m²,2.0,"Budapest VIII. kerület, Futó utca",Téglalakás,3,Felújított,Gáz (konvektor),E,2025-10-02,,,,,,
https://www.zenga.hu/ingatlan/kiado-teglalakas-budapest-vi-kerulet/8630324?page=4&pos=13,Budapest VI. kerület kiadó téglalakás 3+1 fél szobás: 1 ezer Ft,1.0,88.0,88 m²,3.0,Budapest VI. kerület,Téglalakás,3,Jó állapotú,,Nem adta meg a hirdető,2025-10-02,Nincs,,,,,
https://www.zenga.hu/ingatlan/kiado-teglalakas-budapest-ix-kerulet/8649691?page=4&pos=10,Budapest IX. kerület kiadó téglalakás 1 szobás: 200 ezer Ft,200.0,40.0,40 m²,1.0,"Budapest IX. kerület, Mester utca",Téglalakás,9,Új építésű,,,2025-10-02,,,,,,
https://www.zenga.hu/ingatlan/kiado-teglalakas-budapest-vii-kerulet/8552715?page=4&pos=14,Budapest VII. kerület kiadó téglalakás 1+1 fél szobás: 200 ezer Ft,200.0,52.0,52 m²,1.0,Budapest VII. kerület,Téglalakás,4,Újszerű,Távfűtés egyedi méréssel,C,2025-10-02,,,,,,
https://www.zenga.hu/ingatlan/kiado-teglalakas-budapest-x-kerulet/8633568?page=4&pos=15,Budapest X. kerület kiadó téglalakás 2 szobás: 198 ezer Ft,198.0,56.0,56 m²,2.0,"Budapest X. kerület, Petrőczy utca",Téglalakás,2,Újszerű,Gáz (konvektor),Nem adta meg a hirdető,2025-10-02,,,,,,
https://www.zenga.hu/ingatlan/kiado-panellakas-budapest-x-kerulet-nepliget/8660380?page=4&pos=16,Budapest X. kerület kiadó panellakás 1 szobás: 180 ezer Ft,180.0,34.0,34 m²,1.0,"Budapest X. kerület, Népliget, Kőbányai út",Panellakás,4,Felújított,Házközponti,Nem adta meg a hirdető,2025-10-02,,,,,,
https://www.zenga.hu/ingatlan/kiado-teglalakas-budapest-xviii-kerulet-ganztelep/8725607?page=4&pos=18,Budapest XVIII. kerület kiadó téglalakás 2 szobás: 175 ezer Ft,175.0,35.0,35 m²,2.0,"Budapest XVIII. kerület, Ganztelep",Téglalakás,2,Felújított,Házközponti,C,2025-10-02,,1980,30 000 Ft/hó,,,
https://www.zenga.hu/ingatlan/kiado-teglalakas-budapest-xiv-kerulet-herminamezo/8725678?page=4&pos=17,Budapest XIV. kerület kiadó téglalakás 2+1 fél szobás: 200 ezer Ft,200.0,87.0,87 m²,2.0,"Budapest XIV. kerület, Herminamező",Téglalakás,2,Jó állapotú,Gázkazán,A+,2025-10-02,Nincs,1935,20 000 Ft/hó,,,
https://www.zenga.hu/ingatlan/kiado-teglalakas-budapest-vi-kerulet/8721830?page=4&pos=19,Budapest VI. kerület kiadó téglalakás 1 szobás: 200 ezer Ft,200.0,36.0,36 m²,1.0,"Budapest VI. kerület, Lázár utca",Téglalakás,3,Felújított,Gáz (konvektor),D,2025-10-02,,,,,,
https://www.zenga.hu/ingatlan/kiado-teglalakas-budapest-vii-kerulet-nagykoruton-kivuli-terulet/8645290?page=4&pos=20,Budapest VII. kerület kiadó téglalakás 1 szobás: 190 ezer Ft,190.0,34.0,34 m²,1.0,"Budapest VII. kerület, Külső-Erzsébetváros, Dob utca",Téglalakás,3,Felújított,Gáz (konvektor),E,2025-10-02,,,,,,
https://www.zenga.hu/ingatlan/kiado-teglalakas-budapest-viii-kerulet-jozsefvaros/8696216?page=5&pos=1,Budapest VIII. kerület kiadó téglalakás 1+1 fél szobás: 170 ezer Ft,170.0,42.0,42 m²,1.0,"Budapest VIII. kerület, Józsefváros, Teleki László tér",Téglalakás,3,Felújított,Házközponti fűtés egyedi méréssel,Nem adta meg a hirdető,2025-10-02,,,,,,
https://www.zenga.hu/ingatlan/kiado-teglalakas-budapest-xx-kerulet-pacsirtatelep/8537382?page=5&pos=2,Budapest XX. kerület kiadó téglalakás 1 szobás: 160 ezer Ft,160.0,33.0,33 m²,1.0,"Budapest XX. kerület, Pacsirtatelep",Téglalakás,,,Gázkazán,Nem adta meg a hirdető,2025-10-02,,1930,,,,15 m²
https://www.zenga.hu/ingatlan/kiado-teglalakas-budapest-ix-kerulet-belso-ferencvaros/8684716?page=5&pos=3,Budapest IX. kerület kiadó téglalakás 2 szobás: 180 ezer Ft,180.0,36.0,36 m²,2.0,"Budapest IX. kerület, Belső Ferencváros",Téglalakás,,,Gáz (konvektor),Nem adta meg a hirdető,2025-10-02,,1910,,,,
https://www.zenga.hu/ingatlan/kiado-teglalakas-budapest-xiii-kerulet-vizafogo/8712035?page=5&pos=5,Budapest XIII. kerület kiadó téglalakás 1+1 fél szobás: 185 ezer Ft,185.0,40.0,40 m²,1.0,"Budapest XIII. kerület, Vizafogó",Téglalakás,5,Jó állapotú,Gáz (konvektor),Nem adta meg a hirdető,2025-10-02,Nincs,1949,25 000 Ft/hó,,,
https://www.zenga.hu/ingatlan/kiado-teglalakas-budapest-xii-kerulet-kissvabhegy/8718973?page=5&pos=6,Budapest XII. kerület kiadó téglalakás 1+1 fél szobás: 185 ezer Ft,185.0,40.0,40 m²,1.0,"Budapest XII. kerület, Kissvábhegy, Határőr út",Téglalakás,2,Átlagos,Gázkazán,Nem adta meg a hirdető,2025-10-02,,,,,,
https://www.zenga.hu/ingatlan/kiado-teglalakas-budapest-xi-kerulet-lagymanyos/8714346?page=5&pos=7,Budapest XI. kerület kiadó téglalakás 2 szobás: 200 ezer Ft,200.0,48.0,48 m²,2.0,"Budapest XI. kerület, Lágymányos, Kruspér utca",Téglalakás,,,Gázkazán,Nem adta meg a hirdető,2025-10-02,,1910,,,,
https://www.zenga.hu/ingatlan/kiado-teglalakas-budapest-viii-kerulet/8631375?page=5&pos=8,Budapest VIII. kerület kiadó téglalakás 2 szobás: 190 ezer Ft,190.0,46.0,46 m²,2.0,"Budapest VIII. kerület, Fecske utca",Téglalakás,,,Házközponti fűtés egyedi méréssel,Nem adta meg a hirdető,2025-10-02,,2007,,1 m²,,
https://www.zenga.hu/ingatlan/kiado-teglalakas-budapest-vi-kerulet/8702278?page=5&pos=9,Budapest VI. kerület kiadó téglalakás 1 szobás: 180 ezer Ft,180.0,39.0,39 m²,1.0,"Budapest VI. kerület, Székely Mihály utca",Téglalakás,,,Gázkazán,Nem adta meg a hirdető,2025-10-02,,1940,,,,
https://www.zenga.hu/ingatlan/kiado-panellakas-budapest-xix-kerulet-kispest/8718929?page=5&pos=10,Budapest XIX. kerület kiadó panellakás 2 szobás: 160 ezer Ft,160.0,45.0,45 m²,2.0,"Budapest XIX. kerület, Kispest, Jókai utca",Panellakás,,,Távfűtés,Nem adta meg a hirdető,2025-10-02,,1980,,4 m²,,
https://www.zenga.hu/ingatlan/kiado-teglalakas-budapest-vi-kerulet/8528374?page=5&pos=11,Budapest VI. kerület kiadó téglalakás 1 szobás: 200 ezer Ft,200.0,34.0,34 m²,1.0,"Budapest VI. kerület, Benczúr utca",Téglalakás,3,Jó állapotú,Gáz (konvektor),Nem adta meg a hirdető,2025-10-02,,1910,,,,
https://www.zenga.hu/ingatlan/kiado-tarsashazi-lakas-budapest-xxii-kerulet-budafok/8721494?page=5&pos=12,Budapest XXII. kerület kiadó társasházi lakás 1 szobás: 190 ezer Ft,190.0,33.0,33 m²,1.0,"Budapest XXII. kerület, Budafok, Pécsi utca 3",Társasházi lakás,3,Jó állapotú,Gázkazán,E,2025-10-02,Nincs,1977,15 000 Ft/hó,,,
https://www.zenga.hu/ingatlan/kiado-teglalakas-budapest-xiii-kerulet-ujlipotvaros/8714870?page=5&pos=4,Budapest XIII. kerület kiadó téglalakás 1 szobás: 190 ezer Ft,190.0,40.0,40 m²,1.0,,Téglalakás,5,Felújított,Gáz (konvektor),Nem adta meg a hirdető,2025-10-02,,,,,,
https://www.zenga.hu/ingatlan/kiado-teglalakas-budapest-v-kerulet-belvaros/8717287?page=5&pos=13,Budapest V. kerület kiadó téglalakás 1 szobás: 200 ezer Ft,200.0,40.0,40 m²,1.0,"Budapest V. kerület, Belváros",Téglalakás,5,Felújított,Gáz (konvektor),Nem adta meg a hirdető,2025-10-02,,,,,,
https://www.zenga.hu/ingatlan/kiado-teglalakas-budapest-vii-kerulet-nagykoruton-kivuli-terulet/8715249?page=5&pos=16,Budapest VII. kerület kiadó téglalakás 2 szobás: 195 ezer Ft,195.0,41.0,41 m²,2.0,"Budapest VII. kerület, Külső-Erzsébetváros",Téglalakás,,,Egyéb,Nem adta meg a hirdető,2025-10-02,,1910,,,,
https://www.zenga.hu/ingatlan/kiado-teglalakas-budapest-iv-kerulet-ujpest/8708252?page=5&pos=14,Budapest IV. kerület kiadó téglalakás 1 szobás: 140 ezer Ft,140.0,36.0,36 m²,1.0,"Budapest IV. kerület, Újpest",Téglalakás,2,Jó állapotú,Gázkazán,A,2025-10-02,Nincs,1910,25 000 Ft/hó,,,4 m²
https://www.zenga.hu/ingatlan/kiado-teglalakas-budapest-viii-kerulet-palotanegyed/8720106?page=5&pos=15,Budapest VIII. kerület kiadó téglalakás 2 szobás: 190 ezer Ft,190.0,60.0,60 m²,2.0,"Budapest VIII. kerület, Palotanegyed, Szentkirályi utca 7-11",Téglalakás,3,Felújított,Gázkazán,Nem adta meg a hirdető,2025-10-02,,,20 000 Ft/hó,,,
https://www.zenga.hu/ingatlan/kiado-teglalakas-budapest-iii-kerulet-obuda/8676142?page=5&pos=17,Budapest III. kerület kiadó téglalakás 1 szobás: 195 ezer Ft,195.0,38.0,38 m²,1.0,"Budapest III. kerület, Óbuda",Téglalakás,,Felújított,Gázkazán,Nem adta meg a hirdető,2025-10-02,,1910,,,,
https://www.zenga.hu/ingatlan/kiado-teglalakas-budapest-xxi-kerulet/8673910?page=5&pos=18,Budapest XXI. kerület kiadó téglalakás 1 szobás: 200 ezer Ft,200.0,40.0,40 m²,1.0,Budapest XXI. kerület,Téglalakás,,Átlagos,Gázkazán,Nem adta meg a hirdető,2025-10-02,,1950,,,,
https://www.zenga.hu/ingatlan/kiado-teglalakas-budapest-vii-kerulet-ligetvaros/8696846?page=5&pos=19,Budapest VII. kerület kiadó téglalakás 1 szobás: 185 ezer Ft,185.0,36.0,36 m²,1.0,"Budapest VII. kerület, Ligetváros",Téglalakás,,Átlagos,Házközponti,Nem adta meg a hirdető,2025-10-02,,1960,,,,
https://www.zenga.hu/ingatlan/kiado-teglalakas-budapest-xiv-kerulet-nagyzuglo/8699609?page=5&pos=20,Budapest XIV. kerület kiadó téglalakás 2 szobás: 200 ezer Ft,200.0,51.0,51 m²,2.0,"Budapest XIV. kerület, Nagyzugló",Téglalakás,3,Jó állapotú,Gáz (konvektor),Nem adta meg a hirdető,2025-10-02,,1970,,,,
https://www.zenga.hu/ingatlan/kiado-tarsashazi-lakas-budapest-ii-kerulet-vizivaros-ii-ker/8696102?page=6&pos=3,Budapest II. kerület kiadó társasházi lakás 1 szobás: 200 ezer Ft,200.0,35.0,35 m²,1.0,"Budapest II. kerület, Víziváros II. ker, Fő utca 49",Társasházi lakás,4,Átlagos,Gáz (konvektor),Nem adta meg a hirdető,2025-10-02,,,,,,
https://www.zenga.hu/ingatlan/kiado-teglalakas-budapest-xi-kerulet/8714933?page=6&pos=6,Budapest XI. kerület kiadó téglalakás 1 szobás: 200 ezer Ft,200.0,33.0,33 m²,1.0,Budapest XI. kerület,Téglalakás,4,Jó állapotú,Távfűtés egyedi méréssel,Nem adta meg a hirdető,2025-10-02,,1111,,,,
https://www.zenga.hu/ingatlan/kiado-teglalakas-budapest-viii-kerulet/8716197?page=6&pos=7,Budapest VIII. kerület kiadó téglalakás 2 szobás: 180 ezer Ft,180.0,38.0,38 m²,2.0,"Budapest VIII. kerület, József körút",Téglalakás,4,Átlagos,Gáz (konvektor),Nem adta meg a hirdető,2025-10-02,,1890,,,,
https://www.zenga.hu/ingatlan/kiado-teglalakas-budapest-x-kerulet-felsorakos/8717797?page=6&pos=8,Budapest X. kerület kiadó téglalakás 1 szobás: 180 ezer Ft,180.0,33.0,33 m²,1.0,"Budapest X. kerület, Felsőrákos",Téglalakás,6,Jó állapotú,Gáz (konvektor),Nem adta meg a hirdető,2025-10-02,,,,,,
https://www.zenga.hu/ingatlan/kiado-teglalakas-budapest-x-kerulet-felsorakos/8718109?page=6&pos=5,Budapest X. kerület kiadó téglalakás 1 szobás: 160 ezer Ft,160.0,35.0,35 m²,1.0,"Budapest X. kerület, Felsőrákos",Téglalakás,4,Felújított,Gáz (konvektor),Nem adta meg a hirdető,2025-10-02,,,,,,
https://www.zenga.hu/ingatlan/kiado-panellakas-budapest-xv-kerulet/8694365?page=6&pos=9,Budapest XV. kerület kiadó panellakás 2 szobás: 200 ezer Ft,200.0,46.0,46 m²,2.0,Budapest XV. kerület,Panellakás,10,Jó állapotú,Távfűtés,Nem adta meg a hirdető,2025-10-02,,1978,,,,
https://www.zenga.hu/ingatlan/kiado-teglalakas-budapest-xvi-kerulet-matyasfold/8719940?page=6&pos=2,Budapest XVI. kerület kiadó téglalakás 1 szobás: 180 ezer Ft,180.0,55.0,55 m²,1.0,"Budapest XVI. kerület, Mátyásföld",Téglalakás,,,,,2025-10-02,,,,,,
https://www.zenga.hu/ingatlan/kiado-teglalakas-budapest-vii-kerulet/8679436?page=6&pos=11,Budapest VII. kerület kiadó téglalakás 1 szobás: 185 ezer Ft,185.0,36.0,36 m²,1.0,"Budapest VII. kerület, Bajza utca",Téglalakás,8,Átlagos,Házközponti fűtés egyedi méréssel,Nem adta meg a hirdető,2025-10-02,,1960,,,,
https://www.zenga.hu/ingatlan/kiado-teglalakas-budapest-iv-kerulet-ujpest/8713733?page=6&pos=12,Budapest IV. kerület kiadó téglalakás 2 szobás: 200 ezer Ft,200.0,73.0,73 m²,2.0,"Budapest IV. kerület, Újpest",Téglalakás,2,Átlagos,Gáz (konvektor),Nem adta meg a hirdető,2025-10-02,,1980,,4 m²,,
https://www.zenga.hu/ingatlan/kiado-teglalakas-budapest-viii-kerulet/8716721?page=6&pos=14,Budapest VIII. kerület kiadó téglalakás 1 szobás: 190 ezer Ft,190.0,37.0,37 m²,1.0,Budapest VIII. kerület,Téglalakás,3,Jó állapotú,Gáz (héra),A+,2025-10-02,Nincs,,,,,
https://www.zenga.hu/ingatlan/kiado-teglalakas-budapest-x-kerulet/8707520?page=6&pos=15,Budapest X. kerület kiadó téglalakás 1 szobás: 150 ezer Ft,150.0,36.0,36 m²,1.0,"Budapest X. kerület, Vaskő utca",Téglalakás,,,,,2025-10-02,,,,,,
https://www.zenga.hu/ingatlan/kiado-teglalakas-budapest-xi-kerulet-kelenfold/8716374?page=6&pos=16,Budapest XI. kerület kiadó téglalakás 1 szobás: 200 ezer Ft,200.0,40.0,40 m²,1.0,"Budapest XI. kerület, Kelenföld",Téglalakás,4,Újszerű,Házközponti fűtés egyedi méréssel,Nem adta meg a hirdető,2025-10-02,,2010,,5 m²,,
https://www.zenga.hu/ingatlan/kiado-teglalakas-budapest-vii-kerulet/8696032?page=6&pos=1,,195.0,38.0,38 m²,,,,,,,,2025-10-02,,,,,,
https://www.zenga.hu/ingatlan/kiado-teglalakas-budapest-iii-kerulet/8673426?page=6&pos=10,Budapest III. kerület kiadó téglalakás 1 szobás: 195 ezer Ft,195.0,,,,,,,,,,2025-10-02,,,,,,
https://www.zenga.hu/ingatlan/kiado-panellakas-budapest-xxi-kerulet/8715340?page=6&pos=17,Budapest XXI. kerület kiadó panellakás 2 szobás: 175 ezer Ft,175.0,46.0,46 m²,2.0,Budapest XXI. kerület,Panellakás,,Jó állapotú,Távfűtés egyedi méréssel,Nem adta meg a hirdető,2025-10-02,,1970,,,,
https://www.zenga.hu/ingatlan/kiado-panellakas-budapest-x-kerulet-ujhegy/8680580?page=6&pos=19,Budapest X. kerület kiadó panellakás 2 szobás: 180 ezer Ft,180.0,49.0,49 m²,2.0,"Budapest X. kerület, Újhegy",Panellakás,,,Házközponti,Nem adta meg a hirdető,2025-10-02,,1979,,3 m²,,
https://www.zenga.hu/ingatlan/kiado-teglalakas-budapest-iii-kerulet/8636942?page=6&pos=20,Budapest III. kerület kiadó téglalakás 1 szobás: 190 ezer Ft,190.0,,,,,,,,,,2025-10-02,,,,,,
https://www.zenga.hu/ingatlan/kiado-teglalakas-budapest-ii-kerulet-pasaret/8712034?page=6&pos=13,Budapest I. kerület kiadó társasházi lakás 1+1 fél szobás: 180 ezer Ft,180.0,33.0,33 m²,1.0,"Budapest I. kerület, Krisztinaváros I. ker., Krisztina körút 87-89.",Társasházi lakás,6,Felújított,Gáz (konvektor),Nem adta meg a hirdető,2025-10-02,,,,,,
https://www.zenga.hu/ingatlan/kiado-tarsashazi-lakas-budapest-i-kerulet-krisztinavaros-i-ker/8710512?page=7&pos=2,Budapest I. kerület kiadó társasházi lakás 1+1 fél szobás: 180 ezer Ft,180.0,33.0,33 m²,1.0,"Budapest I. kerület, Krisztinaváros I. ker., Krisztina körút 87-89.",Társasházi lakás,6,Felújított,Gáz (konvektor),Nem adta meg a hirdető,2025-10-02,,,,,,
https://www.zenga.hu/ingatlan/kiado-panellakas-budapest-xv-kerulet-ujpalota/8670148?page=7&pos=1,Budapest XV. kerület kiadó panellakás 1+1 fél szobás: 165 ezer Ft,,,,,,,,,,,2025-10-02,,,,,,
https://www.zenga.hu/ingatlan/kiado-panellakas-budapest-xiv-kerulet-zuglo/8534170?page=7&pos=3,Budapest XIV. kerület kiadó panellakás 2 szobás: 175 ezer Ft,175.0,46.0,46 m²,2.0,"Budapest XIV. kerület, Zugló",Panellakás,10,Jó állapotú,Távfűtés egyedi méréssel,A++,2025-10-02,,,,,,
https://www.zenga.hu/ingatlan/kiado-teglalakas-budapest-vi-kerulet/8670004?page=7&pos=5,Budapest VI. kerület kiadó téglalakás 1 szobás: 160 ezer Ft,160.0,44.0,44 m²,1.0,Budapest VI. kerület,Téglalakás,6,Átlagos,Gáz (konvektor),A,2025-10-02,,,15 000 Ft/hó,,,
https://www.zenga.hu/ingatlan/kiado-teglalakas-budapest-vii-kerulet/8696537?page=7&pos=4,Budapest VII. kerület kiadó téglalakás 1+1 fél szobás: 200 ezer Ft,200.0,33.0,33 m²,1.0,Budapest VII. kerület,Téglalakás,,Jó állapotú,Gáz (konvektor),Nem adta meg a hirdető,2025-10-02,,1920,,,,
https://www.zenga.hu/ingatlan/kiado-panellakas-budapest-xv-kerulet/8715342?page=6&pos=18,,,,,,,,,,,,2025-10-02,,,,,,
https://www.zenga.hu/ingatlan/kiado-panellakas-budapest-viii-kerulet-palotanegyed/8668118?page=7&pos=6,Budapest VIII. kerület kiadó panellakás 1 szobás: 200 ezer Ft,200.0,35.0,35 m²,1.0,"Budapest VIII. kerület, Palotanegyed, Tömő utca",Panellakás,10,Felújított,Központi fűtés,Nem adta meg a hirdető,2025-10-02,,,,,,
https://www.zenga.hu/ingatlan/kiado-teglalakas-budapest-v-kerulet/8496501?page=7&pos=7,Budapest V. kerület kiadó téglalakás 1 szobás: 200 ezer Ft,200.0,40.0,40 m²,1.0,Budapest V. kerület,Téglalakás,5,Átlagos,Gáz (konvektor),Nem adta meg a hirdető,2025-10-02,,,,,,
https://www.zenga.hu/ingatlan/kiado-panellakas-budapest-viii-kerulet/8650651?page=7&pos=8,Budapest VIII. kerület kiadó panellakás 1 szobás: 200 ezer Ft,200.0,35.0,35 m²,1.0,"Budapest VIII. kerület, Tömő utca",Panellakás,12,Felújított,Távfűtés egyedi méréssel,Nem adta meg a hirdető,2025-10-02,,,,,,
https://www.zenga.hu/ingatlan/kiado-teglalakas-budapest-ii-kerulet-remetekertvaros/8668737?page=7&pos=10,,,,,,,,,,,,2025-10-02,,,,,,
https://www.zenga.hu/ingatlan/kiado-panellakas-budapest-xv-kerulet-ujpalota/8708536?page=7&pos=11,Budapest XV. kerület kiadó panellakás 1+1 fél szobás: 200 ezer Ft,200.0,36.0,36 m²,1.0,"Budapest XV. kerület, Újpalota, Neptun utca",Panellakás,10,Felújított,Távfűtés egyedi méréssel,Nem adta meg a hirdető,2025-10-02,,,,,,
https://www.zenga.hu/ingatlan/kiado-teglalakas-budapest-v-kerulet/8704810?page=7&pos=14,Budapest V. kerület kiadó téglalakás 1+1 fél szobás: 120 ezer Ft,120.0,40.0,40 m²,1.0,"Budapest V. kerület, Zrínyi utca",Téglalakás,1,Jó állapotú,Központi fűtés,A+,2025-10-02,,,,,,
https://www.zenga.hu/ingatlan/kiado-teglalakas-budapest-viii-kerulet-szazadosnegyed/8699292?page=7&pos=13,Budapest VIII. kerület kiadó téglalakás 1+1 fél szobás: 200 ezer Ft,200.0,41.0,41 m²,1.0,"Budapest VIII. kerület, Századosnegyed, Százados u.22",Téglalakás,3,Jó állapotú,Gázkazán,Nem adta meg a hirdető,2025-10-02,,1990,15 000 Ft/hó,2 m²,,
https://www.zenga.hu/ingatlan/kiado-teglalakas-budapest-viii-kerulet-corvin-negyed/8670803?page=7&pos=17,Budapest VIII. kerület kiadó téglalakás 1 szobás: 200 ezer Ft,200.0,40.0,40 m²,1.0,"Budapest VIII. kerület, Corvin negyed",Téglalakás,3,Jó állapotú,Gáz (konvektor),Nem adta meg a hirdető,2025-10-02,,,30 Ft/hó,,,
https://www.zenga.hu/ingatlan/kiado-teglalakas-budapest-v-kerulet-belvaros/8701429?page=7&pos=16,Budapest V. kerület kiadó téglalakás 1 szobás: 200 ezer Ft,200.0,40.0,40 m²,1.0,"Budapest V. kerület, Belváros, SZERB UTCA",Téglalakás,6,Átlagos,Házközponti,Nem adta meg a hirdető,2025-10-02,,,22 000 Ft/hó,3 m²,,
https://www.zenga.hu/ingatlan/kiado-panellakas-budapest-xiv-kerulet-torokor/8708281?page=7&pos=9,Budapest XIV. kerület kiadó panellakás 1+1 fél szobás: 160 ezer Ft,160.0,37.0,37 m²,1.0,"Budapest XII. kerület, Németvölgy",Téglalakás,3,Jó állapotú,Egyéb,Nem adta meg a hirdető,2025-10-02,,,,,,
https://www.zenga.hu/ingatlan/kiado-panellakas-budapest-iv-kerulet-ujpest/8695980?page=7&pos=20,Budapest IV. kerület kiadó panellakás 1+1 fél szobás: 170 ezer Ft,170.0,35.0,35 m²,1.0,"Budapest IV. kerület, Újpest",Panellakás,10,Jó állapotú,Távfűtés egyedi méréssel,Nem adta meg a hirdető,2025-10-02,,,,,,
https://www.zenga.hu/ingatlan/kiado-teglalakas-budapest-xii-kerulet-nemetvolgy/8699545?page=7&pos=18,Budapest XII. kerület kiadó téglalakás 1 szobás: 200 ezer Ft,200.0,35.0,35 m²,1.0,"Budapest XII. kerület, Németvölgy",Téglalakás,3,Jó állapotú,Egyéb,Nem adta meg a hirdető,2025-10-02,,,,,,
https://www.zenga.hu/ingatlan/kiado-csusztatott-zsalus-lakas-budapest-xiii-kerulet-angyalfold/8696080?page=7&pos=19,Budapest XIII. kerület kiadó csúsztatott zsalus lakás 1+1 fél szobás: 200 ezer Ft,200.0,43.0,43 m²,1.0,"Budapest XIII. kerület, Angyalföld",Csúsztatott zsalus lakás,4,Jó állapotú,Házközponti,Nem adta meg a hirdető,2025-10-02,Van,,31 000 Ft/hó,,,
https://www.zenga.hu/ingatlan/kiado-teglalakas-budapest-xviii-kerulet-gloriett-telep/8682382?page=8&pos=3,Budapest XVIII. kerület kiadó téglalakás 2 szobás: 195 ezer Ft,195.0,52.0,52 m²,2.0,"Budapest XVIII. kerület, Gloriett-telep",Téglalakás,5,Jó állapotú,Házközponti fűtés egyedi méréssel,A+,2025-10-02,,,,,,
https://www.zenga.hu/ingatlan/kiado-teglalakas-budapest-iii-kerulet-obuda/8682384?page=8&pos=2,Budapest III. kerület kiadó téglalakás 1+1 fél szobás: 180 ezer Ft,180.0,50.0,50 m²,1.0,"Budapest III. kerület, Óbuda",Téglalakás,6,Jó állapotú,Házközponti,A+,2025-10-02,,,,,,
https://www.zenga.hu/ingatlan/kiado-teglalakas-budapest-ii-kerulet-orszagut/8680972?page=8&pos=5,Budapest II. kerület kiadó téglalakás 1 szobás: 195 ezer Ft,195.0,40.0,40 m²,1.0,"Budapest II. kerület, Országút, foriint",Téglalakás,5,Felújított,Elektromos,Nem adta meg a hirdető,2025-10-02,,1950,12 000 Ft/hó,3 m²,,
https://www.zenga.hu/ingatlan/kiado-teglalakas-budapest-xiv-kerulet-alsorakos/8703423?page=7&pos=15,Budapest XIV. kerület kiadó téglalakás 1 szobás,,,50 m²,1.0,"Budapest XIV. kerület, Alsórákos",Egyéb lakás,1,Újszerű,Gázkazán,Nem adta meg a hirdető,2025-10-02,Nincs,2022,20 000 Ft/hó,,,
https://www.zenga.hu/ingatlan/kiado-egyeb-lakas-budapest-xiv-kerulet-alsorakos/8680788?page=8&pos=4,Budapest XIV. kerület kiadó egyéb lakás 1 szobás: 200 ezer Ft,200.0,50.0,50 m²,1.0,"Budapest XIV. kerület, Alsórákos",Egyéb lakás,1,Újszerű,Gázkazán,Nem adta meg a hirdető,2025-10-02,Nincs,2022,20 000 Ft/hó,,,
https://www.zenga.hu/ingatlan/kiado-teglalakas-budapest-xii-kerulet-krisztinavaros-xii-ker/8670714?page=8&pos=7,Budapest XII. kerület kiadó téglalakás 1 szobás: 150 ezer Ft,150.0,34.0,34 m²,1.0,"Budapest XII. kerület, Krisztinaváros XII. ker.",Téglalakás,4,Jó állapotú,Gáz (konvektor),Nem adta meg a hirdető,2025-10-02,,,,,,
https://www.zenga.hu/ingatlan/kiado-teglalakas-budapest-x-kerulet-ohegy/8675661?page=8&pos=6,Budapest X. kerület kiadó téglalakás 2+1 fél szobás: 198 ezer Ft,198.0,56.0,56 m²,2.0,"Budapest X. kerület, Óhegy",Téglalakás,1,Jó állapotú,Gáz (konvektor),Nem adta meg a hirdető,2025-10-02,,,,,,
https://www.zenga.hu/ingatlan/kiado-panellakas-budapest-iii-kerulet-obuda/8674171?page=8&pos=9,Budapest III. kerület kiadó panellakás 1+1 fél szobás: 200 ezer Ft,200.0,33.0,33 m²,1.0,"Budapest III. kerület, Óbuda",Panellakás,10,Felújított,Házközponti,A+,2025-10-02,Nincs,1985,15 000 Ft/hó,,,
https://www.zenga.hu/ingatlan/kiado-teglalakas-budapest-viii-kerulet-ii-janos-pal-papa-ter/8708215?page=7&pos=12,Budapest VIII. kerület kiadó téglalakás 1 szobás,,,,1.0,"Budapest XIII. kerület, Újlipótváros",Téglalakás,4,Jó állapotú,Gáz (konvektor),F,2025-10-02,,1960,14 000 Ft/hó,,,
https://www.zenga.hu/ingatlan/kiado-teglalakas-budapest-xiii-kerulet-ujlipotvaros/8611068?page=8&pos=10,Budapest XIII. kerület kiadó téglalakás 1 szobás: 200 ezer Ft,200.0,39.0,39 m²,1.0,"Budapest XIII. kerület, Újlipótváros",Téglalakás,4,Jó állapotú,Gáz (konvektor),F,2025-10-02,,1960,14 000 Ft/hó,,,
https://www.zenga.hu/ingatlan/kiado-teglalakas-budapest-viii-kerulet-magdolnanegyed/8674226?page=8&pos=8,Budapest VIII. kerület kiadó téglalakás 2+1 fél szobás,,63.0,63 m²,2.0,"Budapest VIII. kerület, Magdolnanegyed, Dankó",Téglalakás,6,Új építésű,Hőszivattyú,Nem adta meg a hirdető,2025-10-02,,,,7 m²,,
https://www.zenga.hu/ingatlan/kiado-teglalakas-budapest-v-kerulet-lipotvaros/8301656?page=8&pos=18,Budapest V. kerület kiadó téglalakás 2 szobás: 140 ezer Ft,140.0,56.0,56 m²,2.0,"Budapest V. kerület, Lipótváros",Téglalakás,5,Átlagos,Házközponti,Nem adta meg a hirdető,2025-10-02,,,50 000 Ft/hó,,,
https://www.zenga.hu/ingatlan/kiado-teglalakas-budapest-vi-kerulet-diplomatanegyed/8580656?page=8&pos=16,Budapest VI. kerület kiadó téglalakás 1+1 fél szobás: 195 ezer Ft,195.0,34.0,34 m²,1.0,"Budapest VI. kerület, Diplomatanegyed, Kmety 22",Téglalakás,3,Jó állapotú,Gázkazán,B,2025-10-02,,,25 000 Ft/hó,,,
https://www.zenga.hu/ingatlan/kiado-teglalakas-budapest-xiii-kerulet-angyalfold/8665472?page=8&pos=17,Budapest XIII. kerület kiadó téglalakás 1 szobás: 175 ezer Ft,175.0,40.0,40 m²,1.0,"Budapest XIII. kerület, Angyalföld",Téglalakás,3,Felújított,Gáz (konvektor),CC (2016-2023-as besorolás),2025-10-02,,,,,,
https://www.zenga.hu/ingatlan/kiado-teglalakas-budapest-xix-kerulet/8670615?page=8&pos=14,Budapest XIX. kerület kiadó téglalakás 2 szobás: 170 ezer Ft,170.0,53.0,53 m²,2.0,"Budapest XIX. kerület, Mészáros Lőrinc",Téglalakás,4,Felújított,Központi fűtés,Nem adta meg a hirdető,2025-10-02,,,,4 m²,,
https://www.zenga.hu/ingatlan/kiado-teglalakas-budapest-vii-kerulet-ligetvaros/8670962?page=8&pos=15,Budapest VII. kerület kiadó téglalakás 1 szobás: 200 ezer Ft,200.0,46.0,46 m²,1.0,"Budapest VII. kerület, Ligetváros, Bajza, 1",Téglalakás,8,Felújított,Házközponti fűtés egyedi méréssel,Nem adta meg a hirdető,2025-10-02,Nincs,1967,55 000 Ft/hó,,,
https://www.zenga.hu/ingatlan/kiado-panellakas-budapest-xv-kerulet/8670614?page=8&pos=12,Budapest XV. kerület kiadó panellakás 1+1 fél szobás: 150 ezer Ft,150.0,36.0,36 m²,1.0,"Budapest XV. kerület, Sárfű",Panellakás,10,Felújított,Házközponti fűtés egyedi méréssel,,2025-10-02,,,,3 m²,,
https://www.zenga.hu/ingatlan/kiado-tarsashazi-lakas-budapest-viii-kerulet-orczynegyed/8661501?page=8&pos=11,Budapest VIII. kerület kiadó társasházi lakás 9 szobás: 134 ezer Ft,134.0,134.0,134 m²,9.0,"Budapest VIII. kerület, Orczynegyed, Kőris u. 25.",Társasházi lakás,5,Újszerű,Házközponti fűtés egyedi méréssel,,2025-10-02,,,,,,
https://www.zenga.hu/ingatlan/kiado-teglalakas-budapest-xvi-kerulet-arpadfold/8670612?page=8&pos=13,Budapest XVI. kerület kiadó téglalakás 1+1 fél szobás: 175 ezer Ft,175.0,50.0,50 m²,1.0,"Budapest XVI. kerület, Árpádföld, Mészáros Jószef",Téglalakás,5,,,,2025-10-02,,,,,,
https://www.zenga.hu/ingatlan/kiado-tarsashazi-lakas-budapest-vii-kerulet-nagykoruton-beluli-terulet/8652960?page=9&pos=2,Budapest VII. kerület kiadó társasházi lakás 1+1 fél szobás: 165 ezer Ft,165.0,40.0,40 m²,1.0,"Budapest VII. kerület, Belső-Erzsébetváros",Társasházi lakás,2,Jó állapotú,Gáz (héra),A,2025-10-02,,,10 Ft/hó,,,
https://www.zenga.hu/ingatlan/kiado-teglalakas-budapest-v-kerulet/8643986?page=9&pos=5,Budapest V. kerület kiadó téglalakás 1+1 fél szobás: 200 ezer Ft,200.0,40.0,40 m²,1.0,Budapest V. kerület,Téglalakás,3,Felújított,Gázkazán,Nem adta meg a hirdető,2025-10-02,,,30 000 Ft/hó,,,
https://www.zenga.hu/ingatlan/kiado-teglalakas-budapest-vii-kerulet/8653688?page=9&pos=1,Budapest VII. kerület kiadó téglalakás 1 szobás: 165 ezer Ft,165.0,40.0,40 m²,1.0,Budapest VII. kerület,Téglalakás,2,Újszerű,Gáz (konvektor),B,2025-10-02,,,,,,
https://www.zenga.hu/ingatlan/kiado-panellakas-budapest-xxii-kerulet-budafok/8644701?page=9&pos=4,Budapest XXII. kerület kiadó panellakás 2 szobás: 200 ezer Ft,200.0,54.0,54 m²,2.0,"Budapest XXII. kerület, Budafok",Panellakás,10,Jó állapotú,Távfűtés,Nem adta meg a hirdető,2025-10-02,,,35 000 Ft/hó,,,
https://www.zenga.hu/ingatlan/kiado-teglalakas-budapest-xiii-kerulet-angyalfold/8657361?page=8&pos=20,Budapest XIII. kerület kiadó téglalakás 1 szobás: 170 ezer Ft,170.0,35.0,35 m²,1.0,"Budapest XIII. kerület, Angyalföld, Szegedi út 51",Téglalakás,3,Jó állapotú,,,2025-10-02,,,,,,
https://www.zenga.hu/ingatlan/kiado-csusztatott-zsalus-lakas-budapest-x-kerulet/8643940?page=9&pos=6,Budapest X. kerület kiadó csúsztatott zsalus lakás 1+1 fél szobás: 200 ezer Ft,200.0,43.0,43 m²,1.0,"Budapest X. kerület, Halom köz 3.",Csúsztatott zsalus lakás,4,Jó állapotú,Távfűtés,Nem adta meg a hirdető,2025-10-02,,1970,30 000 Ft/hó,,,
https://www.zenga.hu/ingatlan/kiado-panellakas-budapest-xxi-kerulet-csillagtelep/8308825?page=9&pos=7,Budapest XXI. kerület kiadó panellakás 2 szobás: 42 ezer Ft,42.0,55.0,55 m²,2.0,"Budapest XXI. kerület, Csillagtelep, Krizantém utca 40",Panellakás,4,Felújítandó,Távfűtés,Nem adta meg a hirdető,2025-10-02,,,,,,
https://www.zenga.hu/ingatlan/kiado-teglalakas-budapest-ii-kerulet/8642668?page=9&pos=3,,,,,,,,,,,,2025-10-02,,,,,,
https://www.zenga.hu/ingatlan/kiado-tarsashazi-lakas-budapest-xii-kerulet/8629726?page=9&pos=8,Budapest XII. kerület kiadó társasházi lakás 1 szobás: 197 ezer Ft,197.0,35.0,35 m²,1.0,"Budapest XII. kerület, Istenhegyi",Társasházi lakás,5,Újszerű,Házközponti,Nem adta meg a hirdető,2025-10-02,,,,,,
https://www.zenga.hu/ingatlan/kiado-teglalakas-budapest-viii-kerulet-palotanegyed/8622442?page=9&pos=9,Budapest VIII. kerület kiadó téglalakás 1 szobás: 190 ezer Ft,,,,,,,,,,,2025-10-02,,,,,,
https://www.zenga.hu/ingatlan/kiado-teglalakas-budapest-vii-kerulet-nagykoruton-beluli-terulet/8584516?page=9&pos=12,Budapest VII. kerület kiadó téglalakás 1 szobás: 179 ezer Ft,179.0,33.0,33 m²,1.0,"Budapest VII. kerület, Belső-Erzsébetváros, rozsak tere",Téglalakás,3,Felújított,Elektromos,Nem adta meg a hirdető,2025-10-02,,,,,,
https://www.zenga.hu/ingatlan/kiado-teglalakas-budapest-viii-kerulet-jozsefvaros/8604293?page=9&pos=11,Budapest VIII. kerület kiadó téglalakás 1 szobás: 185 ezer Ft,185.0,43.0,43 m²,1.0,,,,,,,2025-10-02,,,,,,
https://www.zenga.hu/ingatlan/kiado-tarsashazi-lakas-budapest-xi-kerulet-muegyetem-kornyeke/8584519?page=9&pos=13,Budapest XI. kerület kiadó társasházi lakás 1 szobás: 160 ezer Ft,160.0,37.0,37 m²,1.0,"Budapest XI. kerület, Műegyetem környéke, Budafoki út",Társasházi lakás,8,Átlagos,Gáz (konvektor),C,2025-10-02,,1941,17 000 Ft/hó,,,
https://www.zenga.hu/ingatlan/kiado-panellakas-budapest-xiv-kerulet-alsorakos/8487720?page=9&pos=14,Budapest XIV. kerület kiadó panellakás 1+1 fél szobás: 200 ezer Ft,200.0,40.0,40 m²,1.0,"Budapest XIV. kerület, Alsórákos, Kacsóh Pongrácz út",Panellakás,2,Felújított,Távfűtés egyedi méréssel,Nem adta meg a hirdető,2025-10-02,,1972,8 000 Ft/hó,,,
https://www.zenga.hu/ingatlan/kiado-teglalakas-budapest-xv-kerulet-rakospalota/8574455?page=9&pos=15,Budapest XV. kerület kiadó téglalakás 1+1 fél szobás: 200 ezer Ft,200.0,60.0,60 m²,1.0,"Budapest XV. kerület, Rákospalota",Téglalakás,2,Felújított,Házközponti,,2025-10-02,,1978,,,,
https://www.zenga.hu/ingatlan/kiado-teglalakas-budapest-viii-kerulet/8574433?page=9&pos=16,Budapest VIII. kerület kiadó téglalakás 1+1 fél szobás: 190 ezer Ft,190.0,36.0,36 m²,1.0,"Budapest VIII. kerület, Orczy út",Téglalakás,4,Felújított,Gáz (konvektor),Nem adta meg a hirdető,2025-10-02,,,,,,
https://www.zenga.hu/ingatlan/kiado-teglalakas-budapest-xi-kerulet-lagymanyos/8611429?page=9&pos=10,Budapest XI. kerület kiadó téglalakás 4 szobás: 200 ezer Ft,200.0,101.0,101 m²,,,,,,,,2025-10-02,,,,,,
https://www.zenga.hu/ingatlan/kiado-teglalakas-budapest-xxii-kerulet-nagyteteny/8568402?page=9&pos=17,Budapest XXII. kerület kiadó téglalakás 2 szobás: 170 ezer Ft,170.0,50.0,50 m²,2.0,"Budapest XXII. kerület, Nagytétény",Téglalakás,2,Új építésű,Házközponti,A,2025-10-02,Nincs,2010,20 Ft/hó,3 m²,,
https://www.zenga.hu/ingatlan/kiado-teglalakas-budapest-viii-kerulet-szazadosnegyed/8520269?page=9&pos=20,Budapest VIII. kerület kiadó téglalakás 1+1 fél szobás: 200 ezer Ft,200.0,41.0,41 m²,1.0,"Budapest VIII. kerület, Századosnegyed, Szörény utca 5-7.",Téglalakás,4,Jó állapotú,Gáz (konvektor),Nem adta meg a hirdető,2025-10-02,,,,,,
https://www.zenga.hu/ingatlan/kiado-teglalakas-budapest-vii-kerulet/8562997?page=9&pos=19,Budapest VII. kerület kiadó téglalakás 1 szobás: 185 ezer Ft,185.0,36.0,36 m²,1.0,"Budapest VII. kerület, Izabella u. 36-38",Téglalakás,3,Felújított,Gáz (konvektor),A+,2025-10-02,,,,,,
https://www.zenga.hu/ingatlan/kiado-csusztatott-zsalus-lakas-budapest-xiii-kerulet-ujlipotvaros/8545638?page=10&pos=1,Budapest XIII. kerület kiadó csúsztatott zsalus lakás 1+1 fél szobás: 176 ezer Ft,176.0,44.0,44 m²,1.0,"Budapest XIII. kerület, Újlipótváros",Csúsztatott zsalus lakás,11,Jó állapotú,Távfűtés,A+,2025-10-02,,1972,25 000 Ft/hó,,,
https://www.zenga.hu/ingatlan/kiado-tarsashazi-lakas-budapest-xi-kerulet/8518930?page=10&pos=2,Budapest XI. kerület kiadó társasházi lakás 1+1 fél szobás: 180 ezer Ft,180.0,38.0,38 m²,1.0,"Budapest XI. kerület, Bocskai út 15",Társasházi lakás,5,Átlagos,Távfűtés,C,2025-10-02,,1970,20 000 Ft/hó,,,
https://www.zenga.hu/ingatlan/kiado-teglalakas-budapest-viii-kerulet-magdolnanegyed/8507796?page=10&pos=3,Budapest VIII. kerület kiadó téglalakás 1+1 fél szobás: 170 ezer Ft,170.0,35.0,35 m²,1.0,"Budapest VIII. kerület, Magdolnanegyed",Téglalakás,3,Felújított,Gáz (konvektor),G,2025-10-02,,,,,,
https://www.zenga.hu/ingatlan/kiado-teglalakas-budapest-xx-kerulet/8563641?page=9&pos=18,Budapest XX. kerület kiadó téglalakás 1 szobás: 200 ezer Ft,200.0,37.0,37 m²,1.0,Budapest XX. kerület,Téglalakás,1,Felújított,Gáz (konvektor),A++,2025-10-02,,1990,,,,15 m²
https://www.zenga.hu/ingatlan/kiado-teglalakas-budapest-viii-kerulet/8487589?page=10&pos=4,Budapest VIII. kerület kiadó téglalakás 1 szobás: 160 ezer Ft,160.0,36.0,36 m²,1.0,Budapest VIII. kerület,Téglalakás,5,Felújított,Gáz (konvektor),C,2025-10-02,Nincs,1900,35 000 Ft/hó,,,
https://www.zenga.hu/ingatlan/kiado-teglalakas-budapest-vii-kerulet-nagykoruton-beluli-terulet/8482262?page=10&pos=5,Budapest VII. kerület kiadó téglalakás 1 szobás: 190 ezer Ft,190.0,33.0,33 m²,1.0,"Budapest VII. kerület, Belső-Erzsébetváros",Téglalakás,4,Jó állapotú,Gáz (konvektor),B,2025-10-02,,,,,,
https://www.zenga.hu/ingatlan/kiado-panellakas-budapest-iii-kerulet-bekasmegyer/8482335?page=10&pos=6,Budapest III. kerület kiadó panellakás 3 szobás: 100 ezer Ft,100.0,57.0,57 m²,3.0,"Budapest III. kerület, Békásmegyer",Panellakás,10,Jó állapotú,Távfűtés,Nem adta meg a hirdető,2025-10-02,,,,,,
https://www.zenga.hu/ingatlan/kiado-tarsashazi-lakas-budapest-iv-kerulet-ujpest/8429806?page=10&pos=8,Budapest IV. kerület kiadó társasházi lakás 1+1 fél szobás: 160 ezer Ft,160.0,35.0,35 m²,1.0,"Budapest IV. kerület, Újpest",Társasházi lakás,4,Felújított,Gáz (konvektor),Nem adta meg a hirdető,2025-10-02,Nincs,1970,30 000 Ft/hó,,,
https://www.zenga.hu/ingatlan/kiado-tarsashazi-lakas-budapest-viii-kerulet-nepszinhaznegyed/8403770?page=10&pos=9,Budapest VIII. kerület kiadó társasházi lakás 1 szobás: 180 ezer Ft,180.0,38.0,38 m²,1.0,"Budapest VIII. kerület, Népszínháznegyed, Bacsó béla utca",Társasházi lakás,3,Újszerű,Házközponti,Nem adta meg a hirdető,2025-10-02,Nincs,2009,32 000 Ft/hó,,,
https://www.zenga.hu/ingatlan/kiado-panellakas-budapest-viii-kerulet/8401641?page=10&pos=10,Budapest VIII. kerület kiadó panellakás 2 szobás,191.0,50.0,50 m²,2.0,Budapest VIII. kerület,Panellakás,9,Átlagos,Távfűtés egyedi méréssel,Nem adta meg a hirdető,2025-10-02,,,,2 m²,,
https://www.zenga.hu/ingatlan/kiado-panellakas-budapest-viii-kerulet/8398195?page=10&pos=11,Budapest VIII. kerület kiadó panellakás 2 szobás,191.0,50.0,50 m²,2.0,Budapest VIII. kerület,Panellakás,9,Jó állapotú,Házközponti fűtés egyedi méréssel,Nem adta meg a hirdető,2025-10-02,,,35 000 Ft/hó,2 m²,,
https://www.zenga.hu/ingatlan/kiado-tarsashazi-lakas-budapest-xiv-kerulet-alsorakos/8373415?page=10&pos=13,Budapest XIV. kerület kiadó társasházi lakás 2 szobás,133.0,46.0,46 m²,2.0,"Budapest XIV. kerület, Alsórákos",Társasházi lakás,10,Újszerű,Távfűtés,B,2025-10-02,,1978,35 000 Ft/hó,,,
https://www.zenga.hu/ingatlan/kiado-teglalakas-budapest-xiv-kerulet-kiszuglo/8362825?page=10&pos=12,Budapest XIV. kerület kiadó téglalakás 1 szobás: 195 ezer Ft,195.0,42.0,42 m²,1.0,"Budapest XIV. kerület, Kiszugló",Téglalakás,4,Felújított,Központi fűtés,Nem adta meg a hirdető,2025-10-02,Nincs,1960,25 000 Ft/hó,5 m²,,
https://www.zenga.hu/ingatlan/kiado-teglalakas-budapest-vii-kerulet/8367642?page=10&pos=14,Budapest VII. kerület kiadó téglalakás 1 szobás: 180 ezer Ft,180.0,35.0,35 m²,1.0,"Budapest VII. kerület, Thököly út",Téglalakás,1,Jó állapotú,Gáz (konvektor),Nem adta meg a hirdető,2025-10-02,,,,,,
https://www.zenga.hu/ingatlan/kiado-teglalakas-budapest-ii-kerulet-rozsadomb/8344290?page=10&pos=15,Budapest II. kerület kiadó téglalakás 2 szobás: 170 ezer Ft,170.0,55.0,55 m²,2.0,"Budapest II. kerület, Rózsadomb, Mandula 8",Téglalakás,2,Átlagos,Gázkazán,B,2025-10-02,Nincs,1910,5 000 Ft/hó,,,8 m²
https://www.zenga.hu/ingatlan/kiado-panellakas-budapest-xxi-kerulet/8439802?page=10&pos=7,Budapest XXI. kerület kiadó panellakás 1+1 fél szobás,,,40 m²,1.0,Budapest V. kerület,Társasházi lakás,6,Jó állapotú,Házközponti,Nem adta meg a hirdető,2025-10-02,Nincs,,,,,
https://www.zenga.hu/ingatlan/kiado-tarsashazi-lakas-budapest-v-kerulet/8325124?page=10&pos=16,Budapest V. kerület kiadó társasházi lakás 1+1 fél szobás: 200 ezer Ft,200.0,40.0,40 m²,1.0,Budapest V. kerület,Társasházi lakás,6,Jó állapotú,Házközponti,Nem adta meg a hirdető,2025-10-02,Nincs,,,,,
https://www.zenga.hu/ingatlan/kiado-teglalakas-budapest-xv-kerulet-rakospalota/8308171?page=10&pos=18,Budapest XV. kerület kiadó téglalakás 1+1 fél szobás: 200 ezer Ft,200.0,80.0,80 m²,1.0,"Budapest XV. kerület, Rákospalota",Téglalakás,2,Felújított,Gázkazán,Nem adta meg a hirdető,2025-10-02,,,,,,12 m²
https://www.zenga.hu/ingatlan/kiado-teglalakas-budapest-vii-kerulet/8272872?page=10&pos=19,Budapest VII. kerület kiadó téglalakás 1 szobás: 185 ezer Ft,185.0,45.0,45 m²,1.0,Budapest VII. kerület,Téglalakás,3,Felújított,Gáz (konvektor),Nem adta meg a hirdető,2025-10-02,,,25 000 Ft/hó,3 m²,,
https://www.zenga.hu/ingatlan/kiado-teglalakas-budapest-ix-kerulet-belso-ferencvaros/8235482?page=10&pos=20,Budapest IX. kerület kiadó téglalakás 1 szobás: 190 ezer Ft,190.0,36.0,36 m²,1.0,"Budapest IX. kerület, Belső Ferencváros, Tűzoltó utca",Téglalakás,5,Újszerű,Gázkazán,Nem adta meg a hirdető,2025-10-02,,,,1 m²,,
https://www.zenga.hu/ingatlan/kiado-teglalakas-budapest-xiii-kerulet-ujlipotvaros/8308173?page=10&pos=17,Budapest XIII. kerület kiadó téglalakás 2+1 fél szobás,,77.0,77 m²,2.0,"Budapest XIII. kerület, Újlipótváros",Téglalakás,4,Felújított,Gáz (konvektor),Nem adta meg a hirdető,2025-10-02,,,,,,
