league_,season_,team_,player_,nation_,pos_,age_,born_,Playing Time_MP,Playing Time_Starts,Playing Time_Min,Playing Time_90s,Performance_Gls,Performance_Ast,Performance_G+A,Performance_G-PK,Performance_PK,Performance_PKatt,Performance_CrdY,Performance_CrdR,Expected_xG,Expected_npxG,Expected_xAG,Expected_npxG+xAG,Progression_PrgC,Progression_PrgP,Progression_PrgR,Per 90 Minutes_Gls,Per 90 Minutes_Ast,Per 90 Minutes_G+A,Per 90 Minutes_G-PK,Per 90 Minutes_G+A-PK,Per 90 Minutes_xG,Per 90 Minutes_xAG,Per 90 Minutes_xG+xAG,Per 90 Minutes_npxG,Per 90 Minutes_npxG+xAG,PlayerFBref,fbref_id,tm_id,player_id,marketValue,mv_1yr_ago,mv_6mo_ago,mv_pct_change_1yr,mv_pct_change_6mo,mv_trend_slope,mv_last_diff,mv_std,mv_min,mv_max,mv_peak_age
GER-Bundesliga,2425,Augsburg,Alexis Claude-Maurice,FRA,"MF,FW",26,1998,28,25,2109,23.4,9,2,11,9,0,0,4,0,4.7,4.7,1.2,5.9,59,61,102,0.38,0.09,0.47,0.38,0.47,0.2,0.05,0.25,0.2,0.25,Alexis Claude-Maurice,741418c3,384593.0,,12.0,12.0,12.0,0.0,0.0,0.003103267966673809,0.0,3.864183871925278,0.15,12.0,22.0
GER-Bundesliga,2425,Augsburg,Arne Engels,BEL,"MF,FW",20,2003,1,1,79,0.9,0,0,0,0,0,0,1,0,0.4,0.4,0.0,0.4,1,1,5,0.0,0.0,0.0,0.0,0.0,0.45,0.0,0.45,0.45,0.45,Arne Engels,554bcc91,565435.0,,12.0,9.0,11.0,0.3333333333333333,0.09090909090909091,0.012927143103930444,1.0,4.669192768681875,0.35,12.0,21.0
GER-Bundesliga,2425,Augsburg,Arne Maier,GER,MF,25,1999,28,7,938,10.4,0,0,0,0,0,0,0,1,1.5,1.5,1.5,3.0,19,44,56,0.0,0.0,0.0,0.0,0.0,0.15,0.14,0.29,0.15,0.29,Arne Maier,ab700320,296397.0,,4.0,24.0,24.0,-0.8333333333333334,-0.8333333333333334,-0.0017048264828116236,0.0,6.539630468663093,0.2,24.0,20.0
GER-Bundesliga,2425,Augsburg,Chrislain Matsima,FRA,DF,22,2002,30,28,2551,28.3,1,1,2,1,0,0,4,0,1.8,1.8,0.3,2.1,14,84,13,0.04,0.04,0.07,0.04,0.07,0.06,0.01,0.07,0.06,0.07,Chrislain Matsima,cf1ef7ec,569383.0,,22.0,7.0,7.0,2.142857142857143,2.142857142857143,0.012242885705677737,5.0,5.903542850002715,0.8,22.0,23.0
GER-Bundesliga,2425,Augsburg,Dimitris Giannoulis,GRE,DF,28,1995,31,31,2650,29.4,1,4,5,1,0,0,8,0,1.1,1.1,4.2,5.3,60,104,164,0.03,0.14,0.17,0.03,0.17,0.04,0.14,0.18,0.04,0.18,Dimitris Giannoulis,112c495e,295630.0,,3.0,7.0,7.0,-0.5714285714285714,-0.5714285714285714,-0.0017434039461155055,0.20000000000000018,2.187104030095857,0.075,7.0,25.0
GER-Bundesliga,2425,Augsburg,Finn Dahmen,GER,GK,26,1998,19,19,1710,19.0,0,0,0,0,0,0,0,0,0.0,0.0,0.0,0.0,0,3,0,0.0,0.0,0.0,0.0,0.0,0.0,0.0,0.0,0.0,0.0,Finn Dahmen,dee3013b,251299.0,,9.0,5.0,5.0,0.8,0.8,0.00504146416892193,3.0,2.3550189235831596,0.075,9.0,27.0
GER-Bundesliga,2425,Augsburg,Frank Onyeka,NGA,MF,26,1998,31,30,2586,28.7,0,1,1,0,0,0,8,0,1.4,1.4,1.3,2.7,46,106,71,0.0,0.03,0.03,0.0,0.03,0.05,0.04,0.09,0.05,0.09,Frank Onyeka,2944f86f,421637.0,,7.0,10.0,10.0,-0.3,-0.3,-0.001371537444320713,0.0,3.5749162669619934,0.05,10.0,23.0
GER-Bundesliga,2425,Augsburg,Fredrik Jensen,FIN,MF,26,1997,20,9,763,8.5,0,0,0,0,0,0,0,0,0.7,0.7,0.7,1.4,16,20,58,0.0,0.0,0.0,0.0,0.0,0.08,0.08,0.16,0.08,0.16,Fredrik Jensen,3eeb80e0,249157.0,,3.5,3.5,3.5,0.0,0.0,0.001734157949150957,0.0,1.047580184245694,0.1,3.5,26.0
GER-Bundesliga,2425,Augsburg,Jeffrey Gouweleeuw,NED,DF,33,1991,33,33,2944,32.7,1,4,5,1,0,1,9,0,1.7,0.9,2.2,3.1,24,142,19,0.03,0.12,0.15,0.03,0.15,0.05,0.07,0.12,0.03,0.1,Jeffrey Gouweleeuw,1025db8e,106405.0,,1.5,12.0,12.0,-0.875,-0.875,-0.002131903348917317,0.0,3.445012758064302,0.05,12.0,27.0
GER-Bundesliga,2425,Augsburg,Keven Schlotterbeck,GER,DF,27,1997,18,15,1297,14.4,3,1,4,3,0,0,4,1,0.8,0.8,0.6,1.4,3,59,2,0.21,0.07,0.28,0.21,0.28,0.05,0.04,0.1,0.05,0.1,Keven Schlotterbeck,f6bdc830,413843.0,,6.0,7.5,7.5,-0.2,-0.2,0.003270950395746481,-1.0,2.454365887807253,0.05,7.5,23.0
GER-Bundesliga,2425,Augsburg,Mads Pedersen,DEN,DF,27,1996,7,2,235,2.6,0,0,0,0,0,0,0,0,0.1,0.1,0.0,0.1,1,11,10,0.0,0.0,0.0,0.0,0.0,0.03,0.0,0.03,0.03,0.03,Mads Pedersen,582a5247,288429.0,,2.0,3.5,3.5,-0.42857142857142855,-0.42857142857142855,-0.00018133622226061666,-0.5,1.0359958976752754,0.05,3.5,26.0
GER-Bundesliga,2425,Augsburg,Marius Wolf,GER,DF,29,1995,32,28,2144,23.8,1,3,4,1,0,0,2,0,0.7,0.7,3.2,3.9,36,117,95,0.04,0.13,0.17,0.04,0.17,0.03,0.14,0.16,0.03,0.16,Marius Wolf,fa661778,193900.0,,3.0,10.0,10.0,-0.7,-0.7,-0.0052485169645481045,0.0,3.338198030667747,0.05,10.0,23.0
GER-Bundesliga,2425,Augsburg,Maximilian Bauer,GER,DF,24,2000,11,8,658,7.3,0,0,0,0,0,0,1,0,0.2,0.2,0.1,0.3,4,30,7,0.0,0.0,0.0,0.0,0.0,0.02,0.01,0.04,0.02,0.04,Maximilian Bauer,44a20f0c,388363.0,,3.0,3.5,3.5,-0.14285714285714285,-0.14285714285714285,0.0011487470304237873,0.0,1.2945871474539445,0.2,3.5,22.0
GER-Bundesliga,2425,Augsburg,Phillip Tietz,GER,FW,27,1997,34,19,1686,18.7,7,2,9,6,1,1,4,0,6.1,5.3,1.2,6.5,8,29,113,0.37,0.11,0.48,0.32,0.43,0.33,0.07,0.39,0.28,0.35,Phillip Tietz,3397e7b5,288340.0,,5.0,5.0,5.0,0.0,0.0,0.0032568870473592216,0.0,1.8133187805788589,0.15,5.0,26.0
GER-Bundesliga,2425,Augsburg,Robert Gumny,POL,DF,26,1998,7,2,271,3.0,0,0,0,0,0,0,2,0,0.3,0.3,0.5,0.8,5,10,13,0.0,0.0,0.0,0.0,0.0,0.11,0.15,0.26,0.11,0.26,Robert Gumny,1df0c0b9,353826.0,,1.5,5.0,5.0,-0.7,-0.7,-0.000996540994501843,-0.5,1.5227482890414477,0.05,5.0,20.0
GER-Bundesliga,2425,Augsburg,Ruben Vargas,SUI,"MF,FW",25,1998,8,3,305,3.4,0,0,0,0,0,0,3,0,0.7,0.7,0.7,1.4,9,13,24,0.0,0.0,0.0,0.0,0.0,0.2,0.2,0.4,0.2,0.4,Ruben Vargas,6ecbddf6,345886.0,345886.0,7.0,13.0,13.0,-0.46153846153846156,-0.46153846153846156,-8.680215342990798e-05,0.0,4.063582093449011,0.1,13.0,22.0
GER-Bundesliga,2425,Augsburg,Tim Breithaupt,GER,MF,22,2002,2,2,120,1.3,0,1,1,0,0,0,0,0,0.1,0.1,0.4,0.4,1,10,1,0.0,0.75,0.75,0.0,0.75,0.04,0.29,0.33,0.04,0.33,Tim Breithaupt,ed98c321,569457.0,,3.0,3.5,3.5,-0.14285714285714285,-0.14285714285714285,0.0005635670617279836,0.0,1.2571311736962012,0.15,3.5,20.0
GER-Bundesliga,2425,Bayern Munich,Aleksandar Pavlovic,GER,MF,20,2004,21,18,1451,16.1,1,0,1,1,0,0,2,0,0.6,0.6,0.2,0.8,15,128,33,0.06,0.0,0.06,0.06,0.06,0.03,0.01,0.05,0.03,0.05,Aleksandar Pavlovic,2658c82f,792380.0,792380.0,55.0,30.0,50.0,0.8333333333333334,0.1,0.0947298275249094,5.0,22.808436200335215,0.2,55.0,21.0
GER-Bundesliga,2425,Bayern Munich,Alphonso Davies,CAN,DF,23,2000,19,17,1560,17.3,1,2,3,1,0,0,0,0,1.2,1.2,1.6,2.8,81,120,140,0.06,0.12,0.17,0.06,0.17,0.07,0.09,0.16,0.07,0.16,Alphonso Davies,d781d855,424204.0,424204.0,50.0,80.0,80.0,-0.375,-0.375,-0.02296147214919483,0.0,28.22571788281035,0.2,80.0,19.0
GER-Bundesliga,2425,Bayern Munich,Dayot Upamecano,FRA,DF,25,1998,20,20,1759,19.5,2,0,2,2,0,0,6,0,1.2,1.2,0.5,1.7,17,137,4,0.1,0.0,0.1,0.1,0.1,0.06,0.03,0.09,0.06,0.09,Dayot Upamecano,d248cd8f,344695.0,344695.0,50.0,60.0,60.0,-0.16666666666666666,-0.16666666666666666,0.0024749831812507215,0.0,20.559065444656575,0.8,60.0,21.0
GER-Bundesliga,2425,Bayern Munich,Eric Dier,ENG,DF,30,1994,21,16,1463,16.3,2,1,3,2,0,0,1,0,1.1,1.1,0.1,1.2,12,73,1,0.12,0.06,0.18,0.12,0.18,0.07,0.01,0.08,0.07,0.08,Eric Dier,ac861941,175722.0,175722.0,8.0,40.0,40.0,-0.8,-0.8,-0.022226151426583098,0.0,11.448373705649276,0.6,40.0,23.0
GER-Bundesliga,2425,Bayern Munich,Harry Kane,ENG,FW,31,1993,31,28,2381,26.5,26,9,35,17,9,9,5,0,20.3,13.3,5.3,18.6,29,97,143,0.98,0.34,1.32,0.64,0.98,0.77,0.2,0.97,0.5,0.7,Harry Kane,21a66f6a,132098.0,132098.0,75.0,150.0,150.0,-0.5,-0.5,-0.007419948096398394,-15.0,47.52040655769757,0.5,150.0,24.0
GER-Bundesliga,2425,Bayern Munich,Hiroki Ito,JPN,DF,25,1999,6,3,250,2.8,1,0,1,1,0,0,1,0,0.4,0.4,0.4,0.8,3,18,6,0.36,0.0,0.36,0.36,0.36,0.13,0.14,0.27,0.13,0.27,Hiroki Ito,204dded0,353892.0,353892.0,25.0,30.0,30.0,-0.16666666666666666,-0.16666666666666666,0.026780243237172527,-5.0,11.384801763439294,0.05,30.0,25.0
GER-Bundesliga,2425,Bayern Munich,Jamal Musiala,GER,MF,21,2003,25,21,1798,20.0,12,2,14,12,0,0,3,0,9.3,9.3,4.5,13.8,71,107,156,0.6,0.1,0.7,0.6,0.7,0.46,0.23,0.69,0.46,0.69,Jamal Musiala,2c0558b8,580195.0,580195.0,140.0,120.0,130.0,0.16666666666666666,0.07692307692307693,0.061255908196289816,0.0,46.32525409176583,1.0,140.0,21.0
GER-Bundesliga,2425,Bayern Munich,Jonas Urbig,GER,GK,20,2003,8,8,720,8.0,0,0,0,0,0,0,0,0,0.0,0.0,0.0,0.0,0,3,0,0.0,0.0,0.0,0.0,0.0,0.0,0.0,0.0,0.0,0.0,Jonas Urbig,925bbcdc,607720.0,607720.0,12.0,4.0,4.0,2.0,2.0,0.008654204866872675,4.0,3.4855378866072253,0.2,12.0,21.0
GER-Bundesliga,2425,Bayern Munich,Joshua Kimmich,GER,MF,29,1995,33,32,2847,31.6,3,7,10,3,0,0,4,0,1.8,1.8,7.4,9.2,51,362,77,0.09,0.22,0.32,0.09,0.32,0.06,0.24,0.29,0.06,0.29,Joshua Kimmich,49296448,161056.0,161056.0,45.0,90.0,90.0,-0.5,-0.5,-0.03673031334587899,-5.0,31.80938946387554,0.3,90.0,26.0
GER-Bundesliga,2425,Bayern Munich,Kim Min-jae,KOR,DF,27,1996,27,27,2283,25.4,2,0,2,2,0,0,2,0,1.6,1.6,0.3,1.9,16,181,5,0.08,0.0,0.08,0.08,0.08,0.06,0.01,0.08,0.06,0.08,Kim Min-jae,e0f8151c,503482.0,503482.0,40.0,60.0,60.0,-0.3333333333333333,-0.3333333333333333,0.03114964628050165,-5.0,22.84015393071919,0.8,60.0,26.0
GER-Bundesliga,2425,Bayern Munich,Kingsley Coman,FRA,FW,28,1996,28,14,1282,14.2,5,4,9,5,0,0,0,0,4.3,4.3,3.3,7.6,66,45,215,0.35,0.28,0.63,0.35,0.63,0.3,0.23,0.53,0.3,0.53,Kingsley Coman,042e8a49,243714.0,243714.0,30.0,65.0,65.0,-0.5384615384615384,-0.5384615384615384,-0.02713108003447035,-5.0,22.461187345614434,0.5,65.0,24.0
GER-Bundesliga,2425,Bayern Munich,Konrad Laimer,AUT,DF,27,1997,29,19,1699,18.9,2,2,4,2,0,0,8,0,2.1,2.1,2.7,4.8,87,141,113,0.11,0.11,0.21,0.11,0.21,0.11,0.14,0.25,0.11,0.25,Konrad Laimer,c1b7847c,223967.0,223967.0,25.0,30.0,30.0,-0.16666666666666666,-0.16666666666666666,-0.002547639494244161,0.0,12.15280793032614,0.05,30.0,22.0
GER-Bundesliga,2425,Bayern Munich,Leon Goretzka,GER,"MF,DF",29,1995,26,13,1325,14.7,4,1,5,4,0,0,2,0,2.8,2.8,1.7,4.4,35,127,28,0.27,0.07,0.34,0.27,0.34,0.19,0.11,0.3,0.19,0.3,Leon Goretzka,cc86b9a3,153084.0,153084.0,22.0,70.0,70.0,-0.6857142857142857,-0.6857142857142857,-0.04659141893884039,0.0,22.19224724514535,0.6,70.0,26.0
GER-Bundesliga,2425,Bayern Munich,Manuel Neuer,GER,GK,38,1986,22,22,1980,22.0,0,0,0,0,0,0,0,0,0.0,0.0,0.5,0.5,0,10,0,0.0,0.0,0.0,0.0,0.0,0.0,0.02,0.02,0.0,0.02,Manuel Neuer,8778c910,17259.0,17259.0,4.0,45.0,45.0,-0.9111111111111111,-0.9111111111111111,-0.009457824506573662,0.0,14.893496669874256,0.075,45.0,28.0
GER-Bundesliga,2425,Bayern Munich,Mathys Tel,FRA,"FW,MF",19,2005,8,2,256,2.8,0,1,1,0,0,0,0,0,0.7,0.7,0.3,1.0,6,9,34,0.0,0.35,0.35,0.0,0.35,0.26,0.1,0.36,0.26,0.36,Mathys Tel,829aa60c,801734.0,801734.0,35.0,50.0,50.0,-0.3,-0.3,0.02515951235179701,-5.0,17.58532313446613,1.0,50.0,18.0
GER-Bundesliga,2425,Bayern Munich,Michael Olise,FRA,"FW,MF",22,2001,34,28,2334,25.9,12,15,27,12,0,0,3,0,9.7,9.7,12.0,21.7,119,184,381,0.46,0.58,1.04,0.46,1.04,0.38,0.46,0.84,0.38,0.84,Michael Olise,c4486bac,566723.0,566723.0,100.0,55.0,65.0,0.8181818181818182,0.5384615384615384,0.06050308645074773,20.0,28.83828048016441,0.2,100.0,23.0
GER-Bundesliga,2425,Bayern Munich,Sacha Boey,FRA,DF,23,2000,13,6,593,6.6,0,2,2,0,0,0,1,0,0.1,0.1,1.2,1.3,18,39,63,0.0,0.3,0.3,0.0,0.3,0.02,0.18,0.2,0.02,0.2,Sacha Boey,6c8ddd52,475413.0,475413.0,18.0,22.0,22.0,-0.18181818181818182,-0.18181818181818182,0.014530424016569555,0.0,7.4308615884948646,0.25,22.0,23.0
GER-Bundesliga,2425,Bayern Munich,Serge Gnabry,GER,"FW,MF",29,1995,27,13,1242,13.8,7,5,12,7,0,1,0,0,7.5,6.8,5.1,11.9,44,48,149,0.51,0.36,0.87,0.51,0.87,0.55,0.37,0.92,0.49,0.86,Serge Gnabry,88e357ef,159471.0,159471.0,22.0,90.0,90.0,-0.7555555555555555,-0.7555555555555555,-0.0402085117153212,-3.0,29.0837387414348,0.5,90.0,24.0
GER-Bundesliga,2425,Bayern Munich,Sven Ulreich,GER,GK,35,1988,1,1,90,1.0,0,0,0,0,0,0,0,0,0.0,0.0,0.0,0.0,0,0,0,0.0,0.0,0.0,0.0,0.0,0.0,0.0,0.0,0.0,0.0,Sven Ulreich,7d3e7da6,40680.0,40680.0,0.5,6.0,6.0,-0.9166666666666666,-0.9166666666666666,-0.0003912387467886519,0.0,1.9704587302029997,0.05,6.0,23.0
GER-Bundesliga,2425,Bochum,Anthony Losilla,FRA,MF,38,1986,21,13,1137,12.6,0,0,0,0,0,0,1,0,0.1,0.1,0.4,0.5,3,45,11,0.0,0.0,0.0,0.0,0.0,0.01,0.03,0.04,0.01,0.04,Anthony Losilla,07c7eb0c,111266.0,,0.5,0.9,0.9,-0.4444444444444445,-0.4444444444444445,0.0,0.0,0.19057789608400674,0.2,0.9,27.0
GER-Bundesliga,2425,Bochum,Bernardo,BRA,DF,29,1995,21,19,1782,19.8,0,0,0,0,0,0,5,0,0.7,0.7,0.7,1.4,14,100,14,0.0,0.0,0.0,0.0,0.0,0.04,0.04,0.07,0.04,0.07,Bernardo,17370b95,364258.0,,5.5,9.0,9.0,-0.3888888888888889,-0.3888888888888889,0.004084751028157724,0.0,2.4349135192350975,0.1,9.0,23.0
GER-Bundesliga,2425,Bochum,Cristian Gamboa,CRC,DF,34,1989,12,1,226,2.5,1,0,1,1,0,0,1,0,0.2,0.2,0.2,0.3,2,5,9,0.4,0.0,0.4,0.4,0.4,0.06,0.07,0.14,0.06,0.14,Cristian Gamboa,f27680d9,121686.0,,0.5,2.0,2.0,-0.75,-0.75,-0.0002138949724261839,0.0,0.5601538372880894,0.05,2.0,24.0
GER-Bundesliga,2425,Bochum,Dani de Wit,NED,"MF,FW",26,1998,28,11,1153,12.8,2,1,3,2,0,0,1,0,2.1,2.1,0.5,2.7,5,33,37,0.16,0.08,0.23,0.16,0.23,0.17,0.04,0.21,0.17,0.21,Dani de Wit,48a2b92a,340459.0,,2.5,5.0,5.0,-0.5,-0.5,4.172740433504155e-05,-0.5,1.5382904472172998,0.05,5.0,25.0
GER-Bundesliga,2425,Bochum,Felix Passlack,GER,"DF,MF",26,1998,31,30,2334,25.9,1,6,7,1,0,0,4,0,1.3,1.3,3.9,5.2,43,65,118,0.04,0.23,0.27,0.04,0.27,0.05,0.15,0.2,0.05,0.2,Felix Passlack,5c899683,274461.0,,2.0,3.0,3.0,-0.3333333333333333,-0.3333333333333333,0.0008384553997792059,-0.5,0.7080564056046569,0.5,3.0,18.0
GER-Bundesliga,2425,Bochum,Gerrit Holtmann,PHI,"DF,FW",29,1995,23,12,1136,12.6,2,1,3,2,0,0,2,0,2.0,2.0,2.9,4.9,50,33,97,0.16,0.08,0.24,0.16,0.24,0.16,0.23,0.39,0.16,0.39,Gerrit Holtmann,2979c05a,190289.0,,0.7,4.5,4.5,-0.8444444444444444,-0.8444444444444444,-0.004035637638455628,0.0,1.2418560461639423,0.025,4.5,26.0
GER-Bundesliga,2425,Bochum,Ibrahima Sissoko,MLI,MF,26,1997,32,30,2610,29.0,2,1,3,2,0,0,11,1,1.7,1.7,1.6,3.3,35,105,69,0.07,0.03,0.1,0.07,0.1,0.06,0.05,0.11,0.06,0.11,Ibrahima Sissoko,0f8418aa,372712.0,,6.0,8.0,8.0,-0.25,-0.25,-0.0023249325475816806,0.0,2.75461980200956,0.05,8.0,24.0
GER-Bundesliga,2425,Bochum,Ivan Ordets,UKR,DF,32,1992,22,21,1861,20.7,0,0,0,0,0,0,6,0,0.7,0.7,0.7,1.5,2,48,4,0.0,0.0,0.0,0.0,0.0,0.04,0.04,0.07,0.04,0.07,Ivan Ordets,86c75897,118850.0,,1.0,5.0,5.0,-0.8,-0.8,-0.002827375885082064,-0.8,1.1841714000776682,0.1,5.0,29.0
GER-Bundesliga,2425,Bochum,Lukas Daschner,GER,"MF,FW",25,1998,14,3,412,4.6,1,1,2,1,0,1,0,0,2.7,1.9,0.7,2.6,8,11,19,0.22,0.22,0.44,0.22,0.44,0.6,0.15,0.74,0.42,0.57,Lukas Daschner,93a8c4f9,334213.0,,0.9,1.5,1.5,-0.39999999999999997,-0.39999999999999997,0.00046328427126398806,-0.29999999999999993,0.4305865324238113,0.1,1.5,24.0
GER-Bundesliga,2425,Bochum,Maximilian Wittek,GER,DF,28,1995,33,32,2706,30.1,0,0,0,0,0,0,8,0,1.4,1.4,4.4,5.7,47,141,83,0.0,0.0,0.0,0.0,0.0,0.04,0.14,0.19,0.04,0.19,Maximilian Wittek,edb2712b,196793.0,,1.5,2.5,2.5,-0.4,-0.4,-0.0003647286992433129,-0.5,0.6305809029238637,0.05,2.5,26.0
GER-Bundesliga,2425,Bochum,Moritz Broschinski,GER,"FW,MF",23,2000,33,15,1390,15.4,1,3,4,1,0,0,1,0,4.2,4.2,1.8,6.0,37,20,130,0.06,0.19,0.26,0.06,0.26,0.27,0.12,0.39,0.27,0.39,Moritz Broschinski,bbd79358,406973.0,,2.0,3.0,3.0,-0.3333333333333333,-0.3333333333333333,0.0024938857871167346,-0.5,0.9075493558662985,0.075,3.0,23.0
GER-Bundesliga,2425,Bochum,Moritz-Broni Kwarteng,GHA,"MF,FW",26,1998,7,0,172,1.9,0,0,0,0,0,0,1,0,0.2,0.2,0.2,0.4,4,12,16,0.0,0.0,0.0,0.0,0.0,0.1,0.09,0.19,0.1,0.19,Moritz-Broni Kwarteng,1e2057aa,316575.0,,1.2,1.5,1.5,-0.20000000000000004,-0.20000000000000004,0.0010913278903002962,0.0,0.5408879205963643,0.025,1.5,25.0
GER-Bundesliga,2425,Bochum,Myron Boadu,NED,FW,23,2001,19,11,1042,11.6,9,1,10,8,1,1,2,0,7.7,6.9,1.1,8.0,12,18,70,0.78,0.09,0.86,0.69,0.78,0.67,0.1,0.76,0.6,0.69,Myron Boadu,5b479568,412932.0,,7.0,20.0,20.0,-0.65,-0.65,-0.005809204645159873,0.0,6.063509709730826,0.35,20.0,18.0
GER-Bundesliga,2425,Bochum,Philipp Hofmann,GER,FW,31,1993,32,27,2277,25.3,3,3,6,3,0,0,4,0,5.5,5.5,3.3,8.8,8,53,112,0.12,0.12,0.24,0.12,0.24,0.22,0.13,0.35,0.22,0.35,Philipp Hofmann,877bc844,119037.0,,1.0,2.8,2.8,-0.6428571428571428,-0.6428571428571428,-0.0011623086461486217,-0.5,0.7174728992171837,0.075,2.8,30.0
GER-Bundesliga,2425,Bochum,Samuel Bamba,GER,"FW,MF",20,2004,5,0,27,0.3,0,0,0,0,0,0,0,0,0.1,0.1,0.0,0.1,3,5,8,0.0,0.0,0.0,0.0,0.0,0.35,0.1,0.45,0.35,0.45,Samuel Bamba,489d4867,684318.0,,0.5,0.8,0.8,-0.37500000000000006,-0.37500000000000006,0.0005361792240919079,-0.30000000000000004,0.27156951228000537,0.15,0.8,20.0
GER-Bundesliga,2425,Bochum,Tim Oermann,GER,DF,20,2003,29,26,2213,24.6,0,2,2,0,0,0,0,0,0.2,0.2,0.6,0.8,15,61,16,0.0,0.08,0.08,0.0,0.08,0.01,0.02,0.03,0.01,0.03,Tim Oermann,57ec75bf,696164.0,,5.0,4.0,4.0,0.25,0.25,0.005018706375938818,0.0,2.047220337704545,0.2,5.0,21.0
GER-Bundesliga,2425,Bochum,Timo Horn,GER,GK,31,1993,13,13,1170,13.0,0,0,0,0,0,0,2,0,0.0,0.0,0.0,0.0,0,1,0,0.0,0.0,0.0,0.0,0.0,0.0,0.0,0.0,0.0,0.0,Timo Horn,3cd9e95a,84938.0,,0.8,12.0,12.0,-0.9333333333333332,-0.9333333333333332,-0.0014934813063796476,0.0,3.42985348928831,0.1,12.0,24.0
GER-Bundesliga,2425,Dortmund,Alexander Meyer,GER,GK,33,1991,2,2,180,2.0,0,0,0,0,0,0,0,0,0.0,0.0,0.1,0.1,0,0,0,0.0,0.0,0.0,0.0,0.0,0.0,0.06,0.06,0.0,0.06,Alexander Meyer,b56dd813,76158.0,,0.8,1.0,1.0,-0.19999999999999996,-0.19999999999999996,-0.00010694990858446485,0.0,0.30211808591648043,0.05,1.0,31.0
GER-Bundesliga,2425,Dortmund,Ayman Azhil,MAR,MF,23,2001,1,0,24,0.3,0,0,0,0,0,0,1,0,0.0,0.0,0.0,0.0,0,1,1,0.0,0.0,0.0,0.0,0.0,0.0,0.0,0.0,0.0,0.0,Ayman Azhil,ce81d82d,452068.0,,0.7,0.5,0.6,0.3999999999999999,0.16666666666666663,0.0003119807997582236,0.0,0.20500369545819205,0.05,0.7,23.0
GER-Bundesliga,2425,Dortmund,Carney Chukwuemeka,ENG,MF,20,2003,10,1,253,2.8,1,0,1,1,0,0,1,0,0.6,0.6,0.9,1.5,15,18,24,0.36,0.0,0.36,0.36,0.36,0.21,0.32,0.54,0.21,0.54,Carney Chukwuemeka,b2f9c73e,659459.0,,18.0,15.0,15.0,0.2,0.2,0.005482776302014714,3.0,6.437461385585866,1.0,18.0,21.0
GER-Bundesliga,2425,Dortmund,Emre Can,GER,"DF,MF",30,1994,31,23,2105,23.4,3,0,3,1,2,2,4,1,2.0,0.4,0.7,1.1,20,116,12,0.13,0.0,0.13,0.04,0.04,0.08,0.03,0.11,0.02,0.05,Emre Can,a65ce836,119296.0,,7.0,40.0,40.0,-0.825,-0.825,-0.00809736409968702,0.0,10.520099048828156,0.15,40.0,25.0
GER-Bundesliga,2425,Dortmund,Felix Nmecha,GER,MF,23,2000,26,19,1509,16.8,4,1,5,4,0,0,3,0,1.3,1.3,1.1,2.4,21,85,27,0.24,0.06,0.3,0.24,0.3,0.08,0.07,0.15,0.08,0.15,Felix Nmecha,091c86e2,406640.0,,28.0,25.0,25.0,0.12,0.12,0.026661726101130302,0.0,11.670154240625957,0.45,28.0,24.0
GER-Bundesliga,2425,Dortmund,Gio Reyna,USA,MF,21,2002,16,3,350,3.9,2,0,2,2,0,0,3,0,0.2,0.2,0.2,0.4,5,22,19,0.51,0.0,0.51,0.51,0.51,0.04,0.06,0.1,0.04,0.1,Gio Reyna,7fa4e703,504215.0,,7.0,42.0,42.0,-0.8333333333333334,-0.8333333333333334,-0.02633073676818147,-3.0,12.041895068555664,6.0,42.0,18.0
GER-Bundesliga,2425,Dortmund,Gregor Kobel,SUI,GK,26,1997,32,32,2880,32.0,0,0,0,0,0,0,1,0,0.0,0.0,0.0,0.0,0,1,0,0.0,0.0,0.0,0.0,0.0,0.0,0.0,0.0,0.0,0.0,Gregor Kobel,cd59b9df,257814.0,,40.0,40.0,40.0,0.0,0.0,0.016318890817993967,0.0,15.456427465620894,0.025,40.0,26.0
GER-Bundesliga,2425,Dortmund,Julian Brandt,GER,MF,28,1996,30,28,2303,25.6,5,10,15,5,0,0,1,0,4.8,4.8,8.5,13.2,61,149,199,0.2,0.39,0.59,0.2,0.59,0.19,0.33,0.52,0.19,0.52,Julian Brandt,a167537f,187492.0,,25.0,50.0,50.0,-0.5,-0.5,-0.002253402047421337,0.0,14.456979676392866,0.5,50.0,23.0
GER-Bundesliga,2425,Dortmund,Julian Ryerson,NOR,DF,26,1997,29,27,2259,25.1,2,3,5,2,0,0,6,1,0.7,0.7,4.5,5.2,66,92,136,0.08,0.12,0.2,0.08,0.2,0.03,0.18,0.21,0.03,0.21,Julian Ryerson,009a4f60,370789.0,,20.0,20.0,20.0,0.0,0.0,0.016182057616804323,0.0,7.411182027694304,0.2,20.0,26.0
GER-Bundesliga,2425,Dortmund,Julien Duranville,BEL,"FW,MF",18,2006,12,2,283,3.1,0,0,0,0,0,0,3,0,0.2,0.2,0.3,0.6,16,7,33,0.0,0.0,0.0,0.0,0.0,0.08,0.1,0.18,0.08,0.18,Julien Duranville,b06a7ae9,819215.0,,8.5,8.5,8.5,0.0,0.0,0.005712549587702942,0.0,2.921594476602509,1.0,8.5,17.0
GER-Bundesliga,2425,Dortmund,Karim Adeyemi,GER,"FW,MF",22,2002,25,17,1433,15.9,7,6,13,7,0,0,4,0,5.5,5.5,6.0,11.5,68,28,153,0.44,0.38,0.82,0.44,0.82,0.34,0.38,0.72,0.34,0.72,Karim Adeyemi,501055d8,496094.0,,45.0,40.0,40.0,0.125,0.125,0.004279401248675298,5.0,15.284022445196262,1.5,45.0,23.0
GER-Bundesliga,2425,Dortmund,Marcel Sabitzer,AUT,MF,30,1994,26,18,1616,18.0,1,0,1,1,0,0,3,0,1.8,1.8,1.6,3.3,24,97,70,0.06,0.0,0.06,0.06,0.06,0.1,0.09,0.19,0.1,0.19,Marcel Sabitzer,e280527c,106987.0,,8.0,42.0,42.0,-0.8095238095238095,-0.8095238095238095,-0.007809347104102725,-2.0,12.979067956177524,0.1,42.0,26.0
GER-Bundesliga,2425,Dortmund,Maximilian Beier,GER,"FW,MF",21,2002,29,17,1591,17.7,8,5,13,8,0,0,2,0,7.7,7.7,3.3,11.0,24,33,124,0.45,0.28,0.74,0.45,0.74,0.44,0.19,0.62,0.44,0.62,Maximilian Beier,5db45ee5,578392.0,,25.0,30.0,30.0,-0.16666666666666666,-0.16666666666666666,0.02695676721489474,0.0,11.416776870800579,0.3,30.0,21.0
GER-Bundesliga,2425,Dortmund,Nico Schlotterbeck,GER,DF,24,1999,23,23,1982,22.0,0,4,4,0,0,0,7,2,1.3,1.3,2.1,3.4,37,195,14,0.0,0.18,0.18,0.0,0.18,0.06,0.09,0.15,0.06,0.15,Nico Schlotterbeck,34e12499,388198.0,,40.0,40.0,40.0,0.0,0.0,0.007186080580904169,0.0,16.482328854675973,0.075,40.0,23.0
GER-Bundesliga,2425,Dortmund,Ramy Bensebaini,ALG,DF,29,1995,31,23,2022,22.5,1,6,7,1,0,0,6,0,1.3,1.3,3.2,4.5,26,128,58,0.04,0.27,0.31,0.04,0.31,0.06,0.14,0.2,0.06,0.2,Ramy Bensebaini,378825c7,284732.0,,7.0,22.0,22.0,-0.6818181818181818,-0.6818181818181818,-0.011861065796628604,0.0,7.247479948814319,0.5,22.0,25.0
GER-Bundesliga,2425,Dortmund,Serhou Guirassy,GUI,FW,28,1996,30,29,2598,28.9,21,4,25,18,3,4,4,0,22.7,19.6,3.9,23.5,25,43,128,0.73,0.14,0.87,0.62,0.76,0.79,0.14,0.92,0.68,0.81,Serhou Guirassy,923f4dda,270541.0,,45.0,40.0,40.0,0.125,0.125,0.0351630718920267,5.0,14.00876408768339,0.2,45.0,29.0
GER-Bundesliga,2425,Dortmund,Waldemar Anton,GER,DF,28,1996,26,22,1949,21.7,2,2,4,2,0,0,4,0,1.7,1.7,0.8,2.5,32,117,28,0.09,0.09,0.18,0.09,0.18,0.08,0.04,0.11,0.08,0.11,Waldemar Anton,5e66fa06,193004.0,,18.0,20.0,24.0,-0.1,-0.25,0.016492860072405684,0.0,6.670535335838246,0.1,24.0,28.0
GER-Bundesliga,2425,Dortmund,Yan Couto,BRA,"DF,FW",22,2002,21,8,895,9.9,0,0,0,0,0,0,5,0,0.3,0.3,0.9,1.2,46,68,83,0.0,0.0,0.0,0.0,0.0,0.03,0.09,0.12,0.03,0.12,Yan Couto,1944818c,627228.0,,20.0,15.0,25.0,0.3333333333333333,-0.2,0.020021782130392955,0.0,7.917794010221793,1.0,25.0,22.0
GER-Bundesliga,2425,Eint Frankfurt,Ansgar Knauff,GER,"MF,DF",22,2002,30,18,1597,17.7,4,5,9,4,0,0,3,0,4.9,4.9,5.2,10.0,53,58,146,0.23,0.28,0.51,0.23,0.51,0.28,0.29,0.57,0.28,0.57,Ansgar Knauff,19a967ab,429874.0,429874.0,15.0,10.0,10.0,0.5,0.5,0.004485378526977223,5.0,4.5836981206814285,0.15,15.0,23.0
GER-Bundesliga,2425,Eint Frankfurt,Arthur Theate,BEL,DF,24,2000,31,31,2704,30.0,0,0,0,0,0,0,6,1,2.4,2.4,1.0,3.4,50,171,24,0.0,0.0,0.0,0.0,0.0,0.08,0.03,0.11,0.08,0.11,Arthur Theate,df8d6029,368891.0,368891.0,24.0,22.0,22.0,0.09090909090909091,0.09090909090909091,0.0053295385593342785,0.0,8.914159499545276,0.15,24.0,24.0
GER-Bundesliga,2425,Eint Frankfurt,Ellyes Skhiri,TUN,MF,29,1995,30,26,2231,24.8,1,2,3,1,0,0,6,0,1.4,1.4,1.4,2.8,17,105,27,0.04,0.08,0.12,0.04,0.12,0.06,0.06,0.11,0.06,0.11,Ellyes Skhiri,c2211709,290587.0,290587.0,7.5,13.0,13.0,-0.4230769230769231,-0.4230769230769231,-0.005109446700617203,-1.5,4.665984195696848,0.15,13.0,26.0
GER-Bundesliga,2425,Eint Frankfurt,Elye Wahi,FRA,"FW,MF",21,2003,8,1,196,2.2,0,0,0,0,0,0,1,0,1.3,1.3,0.1,1.4,6,5,19,0.0,0.0,0.0,0.0,0.0,0.58,0.04,0.62,0.58,0.62,Elye Wahi,0d7b6576,659542.0,659542.0,22.0,40.0,40.0,-0.45,-0.45,0.01642685637263419,-3.0,12.958748653580201,3.0,40.0,20.0
GER-Bundesliga,2425,Eint Frankfurt,Hugo Ekitike,FRA,FW,22,2002,33,31,2563,28.5,15,8,23,14,1,3,1,0,21.6,19.3,6.8,26.0,93,53,215,0.53,0.28,0.81,0.49,0.77,0.76,0.24,0.99,0.68,0.91,Hugo Ekitike,5b92d896,709726.0,709726.0,75.0,28.0,30.0,1.6785714285714286,1.5,0.02976454098751,20.0,20.646722327215592,0.4,75.0,22.0
GER-Bundesliga,2425,Eint Frankfurt,Hugo Larsson,SWE,MF,20,2004,33,28,2393,26.6,3,1,4,3,0,0,2,0,3.1,3.1,2.1,5.2,16,121,33,0.11,0.04,0.15,0.11,0.15,0.12,0.08,0.19,0.12,0.19,Hugo Larsson,00c9a283,931838.0,931838.0,40.0,28.0,28.0,0.42857142857142855,0.42857142857142855,0.03951380577691389,0.0,15.64617454133047,1.5,40.0,20.0
GER-Bundesliga,2425,Eint Frankfurt,Junior Dina Ebimbe,FRA,"MF,FW",23,2000,7,3,293,3.3,0,1,1,0,0,0,0,0,0.9,0.9,0.9,1.8,5,3,27,0.0,0.31,0.31,0.0,0.31,0.26,0.29,0.56,0.26,0.56,Junior Dina Ebimbe,95bb6ddc,536482.0,536482.0,6.0,14.0,14.0,-0.5714285714285714,-0.5714285714285714,0.0006082637423562388,-1.0,3.924124106090428,0.8,14.0,23.0
GER-Bundesliga,2425,Eint Frankfurt,Kevin Trapp,GER,GK,34,1990,26,26,2295,25.5,0,0,0,0,0,0,0,0,0.0,0.0,0.0,0.0,0,1,0,0.0,0.0,0.0,0.0,0.0,0.0,0.0,0.0,0.0,0.0,Kevin Trapp,ce17b5eb,45672.0,45672.0,2.5,12.0,12.0,-0.7916666666666666,-0.7916666666666666,-0.005618180110711081,-0.5,3.389856911416746,0.05,12.0,25.0
GER-Bundesliga,2425,Eint Frankfurt,Mahmoud Dahoud,GER,MF,28,1996,9,3,364,4.0,1,1,2,1,0,0,2,0,0.5,0.5,0.7,1.2,1,17,6,0.25,0.25,0.49,0.25,0.49,0.13,0.18,0.31,0.13,0.31,Mahmoud Dahoud,db4ed67b,191422.0,191422.0,3.5,18.0,18.0,-0.8055555555555556,-0.8055555555555556,-0.01418284364311351,-1.5,6.299772238113125,0.15,18.0,22.0
GER-Bundesliga,2425,Eint Frankfurt,Michy Batshuayi,BEL,FW,30,1993,10,3,300,3.3,3,0,3,3,0,0,2,0,1.2,1.2,0.0,1.3,3,8,15,0.9,0.0,0.9,0.9,0.9,0.36,0.01,0.38,0.36,0.38,Michy Batshuayi,2973d8ff,179184.0,179184.0,4.0,40.0,40.0,-0.9,-0.9,-0.004065306535733295,-1.0,9.752357141058939,0.05,40.0,24.0
GER-Bundesliga,2425,Eint Frankfurt,Niels Nkounkou,FRA,"DF,MF",23,2000,12,4,382,4.2,0,0,0,0,0,0,1,0,0.2,0.2,1.3,1.5,17,15,21,0.0,0.0,0.0,0.0,0.0,0.04,0.31,0.35,0.04,0.35,Niels Nkounkou,f5b281e7,591193.0,591193.0,3.5,7.5,7.5,-0.5333333333333333,-0.5333333333333333,0.002604602968594854,-1.5,2.1391197566600457,0.5,7.5,22.0
GER-Bundesliga,2425,Eint Frankfurt,Omar Marmoush,EGY,FW,25,1999,17,17,1448,16.1,15,9,24,13,2,2,2,0,8.8,7.3,6.2,13.5,73,50,125,0.93,0.56,1.49,0.81,1.37,0.55,0.39,0.94,0.45,0.84,Omar Marmoush,0e0102eb,445939.0,445939.0,75.0,22.0,40.0,2.409090909090909,0.875,0.0698996552596361,0.0,22.96054025178515,0.025,75.0,26.0
GER-Bundesliga,2425,Eint Frankfurt,Rasmus Kristensen,DEN,DF,27,1997,30,28,2513,27.9,5,3,8,5,0,0,4,0,2.5,2.5,3.1,5.6,51,172,162,0.18,0.11,0.29,0.18,0.29,0.09,0.11,0.2,0.09,0.2,Rasmus Kristensen,39769cff,369684.0,369684.0,14.0,15.0,15.0,-0.06666666666666667,-0.06666666666666667,-0.0034059194537424094,4.0,5.265490334388476,0.4,15.0,24.0
GER-Bundesliga,2425,Eint Frankfurt,Robin Koch,GER,DF,28,1996,30,30,2586,28.7,3,0,3,3,0,0,3,0,1.7,1.7,0.2,2.0,9,93,4,0.1,0.0,0.1,0.1,0.1,0.06,0.01,0.07,0.06,0.07,Robin Koch,ea6bc03a,328784.0,328784.0,18.0,18.0,18.0,0.0,0.0,0.0011338133953883787,0.0,7.741609167350159,0.025,18.0,23.0
GER-Bundesliga,2425,Eint Frankfurt,Timothy Chandler,USA,DF,34,1990,3,0,24,0.3,0,0,0,0,0,0,0,0,0.0,0.0,0.0,0.0,1,3,4,0.0,0.0,0.0,0.0,0.0,0.0,0.0,0.0,0.0,0.0,Timothy Chandler,b3b7f5a6,49723.0,49723.0,0.35,5.0,5.0,-0.93,-0.93,-0.0008704897200879866,0.0,1.5376721785689365,0.05,5.0,28.0
GER-Bundesliga,2425,Eint Frankfurt,Tuta,BRA,"DF,MF",25,1999,30,26,2274,25.3,2,1,3,2,0,0,8,0,1.1,1.1,0.3,1.4,11,78,12,0.08,0.04,0.12,0.08,0.12,0.04,0.01,0.06,0.04,0.06,Tuta,35d64857,546213.0,546213.0,15.0,15.0,15.0,0.0,0.0,0.001971935230499668,0.0,5.451112875271193,1.2,15.0,23.0
GER-Bundesliga,2425,Freiburg,Florent Muslija,KVX,"FW,MF",26,1998,9,0,168,1.9,0,0,0,0,0,0,0,0,0.3,0.3,0.3,0.6,5,7,14,0.0,0.0,0.0,0.0,0.0,0.14,0.16,0.3,0.14,0.3,Florent Muslija,ae961785,337036.0,337036.0,1800000.0,,,,,,,,,,
GER-Bundesliga,2425,Freiburg,Jan-Niklas Beste,GER,"FW,MF",25,1999,12,0,212,2.4,0,1,1,0,0,0,0,0,0.9,0.9,0.4,1.3,5,8,20,0.0,0.42,0.42,0.0,0.42,0.38,0.16,0.54,0.38,0.54,Jan-Niklas Beste,57382429,342967.0,342967.0,7000000.0,,,,,,,,,,
GER-Bundesliga,2425,Freiburg,Jordy Makengo,FRA,DF,22,2001,19,7,745,8.3,0,0,0,0,0,0,1,0,0.0,0.0,0.2,0.2,9,15,35,0.0,0.0,0.0,0.0,0.0,0.0,0.03,0.03,0.0,0.03,Jordy Makengo,14b09c41,815078.0,815078.0,6000000.0,,,,,,,,,,
GER-Bundesliga,2425,Freiburg,Junior Adamu,AUT,FW,23,2001,25,19,1545,17.2,2,2,4,2,0,0,5,1,5.5,5.5,2.4,7.9,8,14,84,0.12,0.12,0.23,0.12,0.23,0.32,0.14,0.46,0.32,0.46,Junior Adamu,82e12fe7,452477.0,452477.0,5000000.0,,,,,,,,,,
GER-Bundesliga,2425,Freiburg,Kiliann Sildillia,FRA,DF,22,2002,21,8,801,8.9,2,0,2,2,0,0,2,0,0.5,0.5,0.7,1.1,11,29,34,0.22,0.0,0.22,0.22,0.22,0.05,0.07,0.13,0.05,0.13,Kiliann Sildillia,313254a3,548348.0,548348.0,10.0,18.0,18.0,-0.4444444444444444,-0.4444444444444444,0.008329175509578268,0.0,6.270464116642024,0.025,18.0,21.0
GER-Bundesliga,2425,Freiburg,Matthias Ginter,GER,DF,30,1994,32,28,2561,28.5,2,1,3,2,0,0,5,0,2.8,2.8,0.7,3.5,11,113,16,0.07,0.04,0.11,0.07,0.11,0.1,0.02,0.12,0.1,0.12,Matthias Ginter,f521b80a,124502.0,124502.0,7000000.0,,,,,,,,,,
GER-Bundesliga,2425,Freiburg,Maximilian Eggestein,GER,MF,27,1996,33,33,2845,31.6,2,0,2,2,0,0,4,0,2.0,2.0,1.5,3.5,34,141,41,0.06,0.0,0.06,0.06,0.06,0.06,0.05,0.11,0.06,0.11,Maximilian Eggestein,beb882a8,190284.0,190284.0,10.0,30.0,30.0,-0.6666666666666666,-0.6666666666666666,0.001970286484632305,0.0,8.071185368409745,0.075,30.0,22.0
GER-Bundesliga,2425,Freiburg,Maximilian Philipp,GER,"MF,FW",30,1994,2,0,17,0.2,0,0,0,0,0,0,0,0,0.0,0.0,0.0,0.0,0,0,0,0.0,0.0,0.0,0.0,0.0,0.22,0.0,0.22,0.22,0.22,Maximilian Philipp,061e8e23,143891.0,143891.0,0.8,20.0,20.0,-0.96,-0.96,-0.0032877046676775055,-0.19999999999999996,6.547926769062818,0.025,20.0,23.0
GER-Bundesliga,2425,Freiburg,Michael Gregoritsch,AUT,FW,30,1994,20,5,639,7.1,2,1,3,2,0,0,2,0,1.8,1.8,0.4,2.2,6,19,36,0.28,0.14,0.42,0.28,0.42,0.25,0.06,0.31,0.25,0.31,Michael Gregoritsch,8e235926,120205.0,120205.0,3.0,20.0,20.0,-0.85,-0.85,-0.0005974666257746813,-1.0,5.079774282911367,0.05,20.0,24.0
GER-Bundesliga,2425,Freiburg,Noah Atubolu,GER,GK,22,2002,26,26,2307,25.6,0,0,0,0,0,0,2,0,0.0,0.0,0.0,0.0,0,2,0,0.0,0.0,0.0,0.0,0.0,0.0,0.0,0.0,0.0,0.0,Noah Atubolu,dbd1b101,526845.0,526845.0,18.0,10.0,10.0,0.8,0.8,0.014335968336528018,3.0,5.680802571568814,0.025,18.0,23.0
GER-Bundesliga,2425,Freiburg,Patrick Osterhage,GER,MF,24,2000,30,27,2267,25.2,1,0,1,1,0,0,6,1,1.7,1.7,1.4,3.1,26,73,50,0.04,0.0,0.04,0.04,0.04,0.07,0.06,0.12,0.07,0.12,Patrick Osterhage,9662c9ec,443331.0,443331.0,10.0,7.0,7.0,0.42857142857142855,0.42857142857142855,0.008477932283588823,1.5,3.424616766880639,0.2,10.0,25.0
GER-Bundesliga,2425,Freiburg,Philipp Lienhart,AUT,DF,28,1996,32,31,2770,30.8,1,0,1,1,0,0,5,0,0.5,0.5,0.8,1.2,44,138,9,0.03,0.0,0.03,0.03,0.03,0.02,0.02,0.04,0.02,0.04,Philipp Lienhart,302527b2,225657.0,225657.0,12.0,20.0,20.0,-0.4,-0.4,-0.006342787270228195,-3.0,6.9499260328058075,0.8,20.0,26.0
GER-Bundesliga,2425,Freiburg,Ritsu Doan,JPN,"FW,MF",26,1998,34,33,2862,31.8,10,7,17,10,0,0,2,0,6.6,6.6,3.7,10.3,64,130,178,0.31,0.22,0.53,0.31,0.53,0.21,0.12,0.32,0.21,0.32,Ritsu Doan,d01bbb6f,358504.0,358504.0,25.0,18.0,18.0,0.3888888888888889,0.3888888888888889,0.013296487200112624,3.0,7.1273403860248505,0.1,25.0,26.0
GER-Bundesliga,2425,Freiburg,Roland Sallai,HUN,"FW,MF",27,1997,2,0,46,0.5,0,0,0,0,0,0,0,0,0.1,0.1,0.1,0.2,4,3,2,0.0,0.0,0.0,0.0,0.0,0.25,0.16,0.41,0.25,0.41,Roland Sallai,bf075f6b,332798.0,,11.0,16.0,16.0,-0.3125,-0.3125,0.002529953425534185,-2.0,5.503279813863496,0.1,16.0,24.0
GER-Bundesliga,2425,Freiburg,Vincenzo Grifo,ITA,"FW,MF",31,1993,34,31,2432,27.0,8,11,19,8,0,3,2,0,7.9,5.6,6.9,12.5,58,128,147,0.3,0.41,0.7,0.3,0.7,0.29,0.26,0.55,0.21,0.46,Vincenzo Grifo,54e4866f,185077.0,185077.0,6.0,12.0,12.0,-0.5,-0.5,-0.005777727936749336,-1.5,4.2407496714958715,0.025,12.0,28.0
GER-Bundesliga,2425,Gladbach,Fabio Chiarodia,ITA,DF,19,2005,16,3,379,4.2,1,0,1,1,0,0,0,0,0.3,0.3,0.4,0.7,1,10,1,0.24,0.0,0.24,0.24,0.24,0.07,0.1,0.17,0.07,0.17,Fabio Chiarodia,48780156,724104.0,,2.0,2.0,2.0,0.0,0.0,0.001451964788323709,0.0,0.6943650748294136,0.5,2.0,18.0
GER-Bundesliga,2425,Gladbach,Florian Neuhaus,GER,MF,27,1997,18,2,382,4.2,0,1,1,0,0,0,1,0,0.6,0.6,0.3,0.9,10,27,8,0.0,0.24,0.24,0.0,0.24,0.14,0.08,0.22,0.14,0.22,Florian Neuhaus,36a59ba4,278332.0,,3.5,38.0,38.0,-0.9078947368421053,-0.9078947368421053,-0.017191802389272686,0.0,11.365249614923721,0.1,38.0,23.0
GER-Bundesliga,2425,Gladbach,Franck Honorat,FRA,FW,27,1996,19,18,1439,16.0,4,7,11,4,0,0,0,0,4.5,4.5,5.3,9.8,63,45,124,0.25,0.44,0.69,0.25,0.69,0.28,0.33,0.61,0.28,0.61,Franck Honorat,db7849ca,229006.0,,12.0,12.0,12.0,0.0,0.0,0.0024259594404075577,0.0,4.543784574654652,0.15,12.0,27.0
GER-Bundesliga,2425,Gladbach,Grant Ranos,ARM,FW,21,2003,2,0,20,0.2,0,0,0,0,0,0,1,0,0.0,0.0,0.0,0.0,1,1,2,0.0,0.0,0.0,0.0,0.0,0.0,0.0,0.0,0.0,0.0,Grant Ranos,0ee6ea6a,574201.0,,0.8,1.0,1.0,-0.19999999999999996,-0.19999999999999996,0.000930325494294021,-0.19999999999999996,0.39388933664648695,0.125,1.0,19.0
GER-Bundesliga,2425,Gladbach,Joe Scally,USA,DF,21,2002,32,30,2578,28.6,0,0,0,0,0,0,6,0,0.4,0.4,1.1,1.5,52,68,69,0.0,0.0,0.0,0.0,0.0,0.01,0.04,0.05,0.01,0.05,Joe Scally,236f02cd,504153.0,,10.0,12.0,12.0,-0.16666666666666666,-0.16666666666666666,-1.619167100443554e-05,0.0,4.683334816132624,0.1,12.0,19.0
GER-Bundesliga,2425,Gladbach,Jonas Omlin,SUI,GK,30,1994,12,11,978,10.9,0,0,0,0,0,0,0,1,0.0,0.0,0.0,0.0,0,0,0,0.0,0.0,0.0,0.0,0.0,0.0,0.0,0.0,0.0,0.0,Jonas Omlin,c631f952,247915.0,,2.5,9.0,9.0,-0.7222222222222222,-0.7222222222222222,-0.00535858648563351,0.0,3.077403742296979,0.05,9.0,29.0
GER-Bundesliga,2425,Gladbach,Julian Weigl,GER,MF,28,1995,33,33,2881,32.0,0,2,2,0,0,0,8,0,0.7,0.7,1.1,1.9,11,122,9,0.0,0.06,0.06,0.0,0.06,0.02,0.03,0.06,0.02,0.06,Julian Weigl,346d51d9,196792.0,,6.0,30.0,30.0,-0.8,-0.8,-0.012948898381255264,0.0,9.326090345608595,0.05,30.0,22.0
GER-Bundesliga,2425,Gladbach,Ko Itakura,JPN,DF,27,1997,31,31,2790,31.0,3,0,3,3,0,0,5,0,1.6,1.6,0.8,2.5,23,69,5,0.1,0.0,0.1,0.1,0.1,0.05,0.03,0.08,0.05,0.08,Ko Itakura,97d545ae,355816.0,,12.0,15.0,15.0,-0.2,-0.2,0.005955171548212156,0.0,5.858304154284118,0.05,15.0,26.0
GER-Bundesliga,2425,Gladbach,Luca Netz,GER,DF,21,2003,24,8,969,10.8,0,2,2,0,0,0,2,0,0.2,0.2,1.9,2.1,16,28,55,0.0,0.19,0.19,0.0,0.19,0.02,0.18,0.2,0.02,0.2,Luca Netz,e79269bd,524285.0,,6.0,10.0,10.0,-0.4,-0.4,0.0006291617749780221,-1.0,2.467740583964123,1.0,10.0,20.0
GER-Bundesliga,2425,Gladbach,Lukas Ullrich,GER,DF,20,2004,26,24,1903,21.1,1,2,3,1,0,0,4,0,0.9,0.9,1.8,2.7,31,39,71,0.05,0.09,0.14,0.05,0.14,0.04,0.09,0.13,0.04,0.13,Lukas Ullrich,d646c218,787151.0,,8.0,0.75,0.75,9.666666666666666,9.666666666666666,0.006527949474171486,0.0,3.1071110197237704,0.25,8.0,21.0
GER-Bundesliga,2425,Gladbach,Marvin Friedrich,GER,DF,28,1995,22,9,989,11.0,0,1,1,0,0,0,0,0,0.4,0.4,0.6,1.1,11,36,3,0.0,0.09,0.09,0.0,0.09,0.04,0.06,0.1,0.04,0.1,Marvin Friedrich,b77f44a4,196231.0,,3.5,10.0,10.0,-0.65,-0.65,-0.004301827241948601,0.0,3.0681393488626636,0.1,10.0,25.0
GER-Bundesliga,2425,Gladbach,Moritz Nicolas,GER,GK,26,1997,19,19,1639,18.2,0,0,0,0,0,0,0,0,0.0,0.0,0.0,0.0,0,0,0,0.0,0.0,0.0,0.0,0.0,0.0,0.0,0.0,0.0,0.0,Moritz Nicolas,226ddf9d,284270.0,,5.0,2.5,2.5,1.0,1.0,0.004892880876784001,0.0,1.5058047405512665,0.025,5.0,27.0
GER-Bundesliga,2425,Gladbach,Nathan N'Goumou,CMR,FW,24,2000,19,9,828,9.2,2,1,3,2,0,0,0,0,1.9,1.9,1.3,3.2,30,16,85,0.22,0.11,0.33,0.22,0.33,0.2,0.14,0.34,0.2,0.34,Nathan N'Goumou,e110ea4b,629588.0,,4.0,7.0,7.0,-0.42857142857142855,-0.42857142857142855,-0.00016180023991495357,0.0,2.3397757699392416,0.3,7.0,22.0
GER-Bundesliga,2425,Gladbach,Nico Elvedi,SUI,DF,27,1996,25,25,2135,23.7,1,1,2,1,0,0,1,0,2.0,2.0,0.4,2.5,20,55,5,0.04,0.04,0.08,0.04,0.08,0.09,0.02,0.1,0.09,0.1,Nico Elvedi,48035304,192635.0,,8.0,35.0,35.0,-0.7714285714285715,-0.7714285714285715,-0.012265169152644702,0.0,10.910201262884142,0.05,35.0,22.0
GER-Bundesliga,2425,Gladbach,Robin Hack,GER,"FW,MF",25,1998,33,27,2172,24.1,4,7,11,4,0,0,4,0,5.4,5.4,3.6,9.0,51,95,141,0.17,0.29,0.46,0.17,0.46,0.22,0.15,0.38,0.22,0.38,Robin Hack,0174ba21,284010.0,,12.0,8.0,8.0,0.5,0.5,0.009073240792018798,2.0,3.2080062886200964,0.1,12.0,26.0
GER-Bundesliga,2425,Gladbach,Rocco Reitz,GER,MF,22,2002,27,21,1830,20.3,2,1,3,2,0,0,1,0,1.7,1.7,2.1,3.8,18,91,30,0.1,0.05,0.15,0.1,0.15,0.08,0.1,0.19,0.08,0.19,Rocco Reitz,cc971106,467434.0,,15.0,10.0,10.0,0.5,0.5,0.013535333705159974,0.0,5.833652921648357,0.05,15.0,22.0
GER-Bundesliga,2425,Gladbach,Stefan Lainer,AUT,DF,31,1992,21,6,757,8.4,1,0,1,1,0,0,2,0,0.3,0.3,1.0,1.3,25,25,32,0.12,0.0,0.12,0.12,0.12,0.04,0.12,0.15,0.04,0.15,Stefan Lainer,4aea5077,85791.0,,1.2,18.0,18.0,-0.9333333333333333,-0.9333333333333333,-0.0033212156666109524,-0.6000000000000001,5.1709897034129035,0.05,18.0,27.0
GER-Bundesliga,2425,Gladbach,Tim Kleindienst,GER,FW,28,1995,31,31,2737,30.4,16,7,23,15,1,2,5,1,13.6,11.9,6.2,18.0,45,63,145,0.53,0.23,0.76,0.49,0.72,0.45,0.2,0.65,0.39,0.59,Tim Kleindienst,258a6f4d,193033.0,,17.0,6.0,8.0,1.8333333333333333,1.125,0.013945774583044922,0.0,4.296264453868704,0.1,17.0,29.0
GER-Bundesliga,2425,Gladbach,Tobias Sippel,GER,GK,36,1988,1,0,59,0.7,0,0,0,0,0,0,0,0,0.0,0.0,0.0,0.0,0,0,0,0.0,0.0,0.0,0.0,0.0,0.0,0.0,0.0,0.0,0.0,Tobias Sippel,0d8a37c2,31653.0,,0.3,3.0,3.0,-0.9,-0.9,-0.00011613026259292225,0.0,0.6517471827663718,0.075,3.0,22.0
GER-Bundesliga,2425,Heidenheim,Adrian Beck,GER,"MF,FW",27,1997,32,18,1598,17.8,4,1,5,4,0,0,1,0,3.3,3.3,1.2,4.5,37,69,83,0.23,0.06,0.28,0.23,0.28,0.18,0.07,0.25,0.18,0.25,Adrian Beck,616c09f5,273669.0,273669.0,2.0,1.5,1.5,0.3333333333333333,0.3333333333333333,0.001752765195026623,0.0,0.685432164011865,0.025,2.0,27.0
GER-Bundesliga,2425,Heidenheim,Benedikt Gimber,GER,DF,27,1997,32,32,2671,29.7,0,0,0,0,0,0,9,0,0.7,0.7,0.3,1.0,7,46,8,0.0,0.0,0.0,0.0,0.0,0.02,0.01,0.03,0.02,0.03,Benedikt Gimber,e5f76710,227084.0,227084.0,3.0,2.8,2.8,0.0714285714285715,0.0714285714285715,0.0017628287226775959,0.0,0.8877337794786865,0.2,3.0,27.0
GER-Bundesliga,2425,Heidenheim,Denis Thomalla,GER,MF,31,1992,1,0,4,0.0,0,0,0,0,0,0,0,0,0.0,0.0,0.0,0.0,0,0,0,0.0,0.0,0.0,0.0,0.0,0.0,0.0,0.0,0.0,0.0,Denis Thomalla,b9ac6e0e,94030.0,,0.45,0.75,0.75,-0.39999999999999997,-0.39999999999999997,-2.701663068592104e-05,-0.14999999999999997,0.17279813483454867,0.2,0.75,22.0
GER-Bundesliga,2425,Heidenheim,Marnon Busch,GER,"DF,MF",29,1994,23,15,1396,15.5,0,1,1,0,0,0,1,0,0.4,0.4,1.1,1.5,22,63,43,0.0,0.06,0.06,0.0,0.06,0.02,0.07,0.1,0.02,0.1,Marnon Busch,c38767ab,117478.0,117478.0,1.2,1.5,1.5,-0.20000000000000004,-0.20000000000000004,-5.3208800393495516e-05,0.0,0.4885682825704826,0.05,1.5,28.0
GER-Bundesliga,2425,Heidenheim,Marvin Pieringer,GER,"FW,MF",24,1999,31,26,2206,24.5,7,4,11,4,3,3,7,0,8.9,6.6,4.0,10.6,23,59,115,0.29,0.16,0.45,0.16,0.33,0.36,0.16,0.53,0.27,0.43,Marvin Pieringer,11407d95,471055.0,471055.0,5.5,3.0,4.5,0.8333333333333334,0.2222222222222222,0.004626363169095927,0.0,1.8669314413057454,0.05,5.5,25.0
GER-Bundesliga,2425,Heidenheim,Mathias Honsak,AUT,"FW,DF",27,1996,22,12,1181,13.1,5,1,6,5,0,0,1,0,3.3,3.3,1.6,4.9,37,29,58,0.38,0.08,0.46,0.38,0.46,0.26,0.12,0.38,0.26,0.38,Mathias Honsak,3dbdbb6a,283497.0,283497.0,2.0,1.5,1.5,0.3333333333333333,0.3333333333333333,0.0008422988864929457,0.5,0.5085347086065511,0.05,2.0,28.0
GER-Bundesliga,2425,Heidenheim,Maximilian Breunig,GER,"FW,MF",23,2000,13,2,350,3.9,2,0,2,1,1,1,0,0,3.4,2.7,0.2,2.9,5,7,13,0.51,0.0,0.51,0.26,0.26,0.89,0.05,0.94,0.68,0.74,Maximilian Breunig,1e37c986,584254.0,584254.0,1.5,0.45,2.0,2.3333333333333335,-0.25,0.0014651955472231321,-0.5,0.592245670486941,0.075,2.0,24.0
GER-Bundesliga,2425,Heidenheim,Mikkel Kaufmann,DEN,FW,23,2001,9,3,372,4.1,0,0,0,0,0,0,2,0,0.5,0.5,0.1,0.6,4,10,21,0.0,0.0,0.0,0.0,0.0,0.13,0.03,0.15,0.13,0.15,Mikkel Kaufmann,6e269dd3,545332.0,,2.0,2.7,2.7,-0.2592592592592593,-0.2592592592592593,0.001951385238541829,0.0,0.8377907748077328,0.075,2.7,22.0
GER-Bundesliga,2425,Heidenheim,Norman Theuerkauf,GER,MF,37,1987,1,0,22,0.2,0,0,0,0,0,0,0,0,0.0,0.0,0.0,0.0,0,2,0,0.0,0.0,0.0,0.0,0.0,0.14,0.0,0.14,0.14,0.14,Norman Theuerkauf,0cbf4c54,31599.0,31599.0,0.175,1.5,1.5,-0.8833333333333333,-0.8833333333333333,-0.00012344888565085163,0.0,0.32876337634358144,0.05,1.5,26.0
GER-Bundesliga,2425,Heidenheim,Patrick Mainka,GER,DF,29,1994,34,34,3060,34.0,1,1,2,1,0,0,3,0,1.9,1.9,0.3,2.3,21,102,12,0.03,0.03,0.06,0.03,0.06,0.06,0.01,0.07,0.06,0.07,Patrick Mainka,dd9caa07,133731.0,133731.0,3.0,2.5,3.0,0.2,0.0,0.001342263884889229,0.0,1.0090467795032132,0.05,3.0,29.0
GER-Bundesliga,2425,Heidenheim,Paul Wanner,GER,"MF,FW",18,2005,29,20,1771,19.7,3,2,5,2,1,1,2,0,3.7,2.9,1.3,4.1,28,64,65,0.15,0.1,0.25,0.1,0.2,0.19,0.06,0.25,0.15,0.21,Paul Wanner,cb64672e,900909.0,900909.0,18.0,5.0,15.0,2.6,0.2,0.013548085480623782,0.0,6.664611425623062,0.75,18.0,18.0
GER-Bundesliga,2425,Heidenheim,Stefan Schimmer,GER,"FW,MF",30,1994,13,0,247,2.7,0,0,0,0,0,0,1,0,1.1,1.1,0.3,1.3,0,3,15,0.0,0.0,0.0,0.0,0.0,0.39,0.09,0.48,0.39,0.48,Stefan Schimmer,395bbb60,394033.0,394033.0,0.5,0.5,0.5,0.0,0.0,9.928302952079101e-05,0.0,0.1380074368705504,0.05,0.5,29.0
GER-Bundesliga,2425,Heidenheim,Thomas Keller,GER,"DF,MF",24,1999,6,2,148,1.6,0,0,0,0,0,0,2,0,0.0,0.0,0.0,0.0,0,6,0,0.0,0.0,0.0,0.0,0.0,0.01,0.0,0.01,0.01,0.01,Thomas Keller,285c7011,485747.0,485747.0,0.5,0.4,0.4,0.24999999999999994,0.24999999999999994,3.806902443444267e-05,0.2,0.1133545971978303,0.025,0.5,25.0
GER-Bundesliga,2425,Heidenheim,Tim Siersleben,GER,DF,24,2000,16,14,1182,13.1,0,0,0,0,0,0,4,0,0.6,0.6,0.5,1.1,8,31,12,0.0,0.0,0.0,0.0,0.0,0.04,0.04,0.08,0.04,0.08,Tim Siersleben,f761c901,337092.0,337092.0,2.0,2.5,2.5,-0.2,-0.2,0.0013253049781859567,0.5,0.8791197657316095,0.125,2.5,23.0
GER-Bundesliga,2425,Hoffenheim,Anton Stach,GER,"MF,DF",25,1998,30,29,2585,28.7,1,2,3,1,0,0,8,0,2.0,2.0,2.2,4.2,33,152,36,0.03,0.07,0.1,0.03,0.1,0.07,0.08,0.15,0.07,0.15,Anton Stach,0f59a7bf,344069.0,344069.0,14.0,15.0,15.0,-0.06666666666666667,-0.06666666666666667,0.001957507588944704,0.0,6.539504185271044,0.025,15.0,23.0
GER-Bundesliga,2425,Hoffenheim,Arthur Chaves,BRA,DF,23,2001,26,24,2185,24.3,1,0,1,1,0,0,8,0,0.8,0.8,0.1,0.9,10,57,13,0.04,0.0,0.04,0.04,0.04,0.03,0.0,0.04,0.03,0.04,Arthur Chaves,913e4711,875332.0,875332.0,5.0,2.0,2.0,1.5,1.5,0.0025246654235607903,2.0,1.4640940641131732,0.05,5.0,24.0
GER-Bundesliga,2425,Hoffenheim,Dennis Geiger,GER,"MF,FW",26,1998,20,7,734,8.2,0,0,0,0,0,0,4,0,0.2,0.2,0.5,0.6,12,37,21,0.0,0.0,0.0,0.0,0.0,0.02,0.06,0.08,0.02,0.08,Dennis Geiger,37f606f0,251309.0,251309.0,2.0,13.0,13.0,-0.8461538461538461,-0.8461538461538461,-0.007320983403022391,-1.0,4.253858106997271,0.1,13.0,22.0
GER-Bundesliga,2425,Hoffenheim,Finn Ole Becker,GER,MF,24,2000,13,7,670,7.4,0,1,1,0,0,0,1,0,0.1,0.1,0.3,0.4,3,45,7,0.0,0.13,0.13,0.0,0.13,0.02,0.04,0.05,0.02,0.05,Finn Ole Becker,dd2e62da,334999.0,334999.0,2.0,3.0,3.0,-0.3333333333333333,-0.3333333333333333,3.974656541629503e-05,0.0,0.6847605850394206,0.6,3.0,23.0
GER-Bundesliga,2425,Hoffenheim,Florian Grillitsch,AUT,MF,28,1995,8,8,601,6.7,0,0,0,0,0,0,1,0,0.2,0.2,0.2,0.3,4,44,4,0.0,0.0,0.0,0.0,0.0,0.02,0.03,0.05,0.02,0.05,Florian Grillitsch,ffbbc83b,195736.0,,2.0,25.0,25.0,-0.92,-0.92,-0.009900730031004747,-1.0,8.05460793594465,0.05,25.0,24.0
GER-Bundesliga,2425,Hoffenheim,Gift Orban,NGA,FW,22,2002,13,7,687,7.6,4,0,4,4,0,0,2,0,3.4,3.4,0.2,3.6,8,7,35,0.52,0.0,0.52,0.52,0.52,0.44,0.03,0.47,0.44,0.47,Gift Orban,de17db90,1018259.0,1018259.0,10.0,20.0,20.0,-0.5,-0.5,0.00813062463321122,0.0,6.866156650037715,0.1,20.0,20.0
GER-Bundesliga,2425,Hoffenheim,Ihlas Bebou,TOG,MF,30,1994,1,0,9,0.1,0,0,0,0,0,0,0,0,0.0,0.0,0.0,0.0,0,0,0,0.0,0.0,0.0,0.0,0.0,0.0,0.0,0.0,0.0,0.0,Ihlas Bebou,a53b661f,237164.0,237164.0,1.0,16.0,16.0,-0.9375,-0.9375,-0.011893552388915516,-1.7999999999999998,5.439156681253612,0.15,16.0,27.0
GER-Bundesliga,2425,Hoffenheim,Kevin Akpoguma,NGA,DF,29,1995,32,23,2220,24.7,0,0,0,0,0,0,3,0,0.1,0.1,0.3,0.4,14,98,16,0.0,0.0,0.0,0.0,0.0,0.0,0.01,0.02,0.0,0.02,Kevin Akpoguma,6ec6fde0,160241.0,160241.0,2.5,12.0,12.0,-0.7916666666666666,-0.7916666666666666,-0.0030030268170939084,0.0,3.000225481722409,0.1,12.0,23.0
GER-Bundesliga,2425,Hoffenheim,Luca Philipp,GER,GK,23,2000,6,6,540,6.0,0,0,0,0,0,0,0,0,0.0,0.0,0.0,0.0,0,0,0,0.0,0.0,0.0,0.0,0.0,0.0,0.0,0.0,0.0,0.0,Luca Philipp,eb3e717e,432671.0,432671.0,0.75,0.3,0.3,1.5,1.5,0.0003530637676573959,0.0,0.2221780710108341,0.025,0.75,24.0
GER-Bundesliga,2425,Hoffenheim,Oliver Baumann,GER,GK,34,1990,28,28,2520,28.0,0,0,0,0,0,0,1,0,0.0,0.0,1.0,1.0,0,1,0,0.0,0.0,0.0,0.0,0.0,0.0,0.03,0.03,0.0,0.03,Oliver Baumann,47064058,55089.0,55089.0,3.0,10.0,10.0,-0.7,-0.7,-0.0016463781031037636,0.0,2.6802703606817744,0.05,10.0,28.0
GER-Bundesliga,2425,Hoffenheim,Stanley N'Soki,FRA,DF,25,1999,22,16,1308,14.5,0,0,0,0,0,0,3,1,0.1,0.1,0.4,0.5,10,52,6,0.0,0.0,0.0,0.0,0.0,0.01,0.03,0.03,0.01,0.03,Stanley N'Soki,61590953,371141.0,371141.0,2.5,12.0,12.0,-0.7916666666666666,-0.7916666666666666,-0.004755044200868061,0.0,2.7998094232151067,2.5,12.0,20.0
GER-Bundesliga,2425,Hoffenheim,Tim Drexler,GER,DF,19,2005,8,5,357,4.0,0,0,0,0,0,0,2,0,0.1,0.1,0.0,0.1,2,16,2,0.0,0.0,0.0,0.0,0.0,0.01,0.01,0.02,0.01,0.02,Tim Drexler,0911b4fc,822958.0,,3.0,2.5,4.0,0.2,-0.25,0.008634267871453898,-1.0,1.6848157663871342,0.125,4.0,19.0
GER-Bundesliga,2425,Hoffenheim,Tom Bischof,GER,"MF,FW",19,2005,31,30,2559,28.4,5,2,7,5,0,0,5,0,2.2,2.2,3.6,5.9,47,138,102,0.18,0.07,0.25,0.18,0.25,0.08,0.13,0.21,0.08,0.21,Tom Bischof,07d3bfec,822959.0,822959.0,30.0,3.5,3.5,7.571428571428571,7.571428571428571,0.023426603553099945,5.0,10.353798161237082,0.75,30.0,19.0
GER-Bundesliga,2425,Hoffenheim,Umut Tohumcu,GER,"MF,FW",19,2004,12,3,375,4.2,0,1,1,0,0,0,3,0,0.1,0.1,0.4,0.5,3,13,5,0.0,0.24,0.24,0.0,0.24,0.03,0.09,0.12,0.03,0.12,Umut Tohumcu,e547d3cf,569031.0,569031.0,6.0,7.0,7.0,-0.14285714285714285,-0.14285714285714285,0.007969961794513963,-1.0,2.893863238725086,0.2,7.0,19.0
GER-Bundesliga,2425,Hoffenheim,Valentin Gendrey,FRA,DF,24,2000,22,14,1414,15.7,1,1,2,1,0,0,1,0,1.1,1.1,1.8,2.9,24,49,86,0.06,0.06,0.13,0.06,0.13,0.07,0.12,0.19,0.07,0.19,Valentin Gendrey,822ed0ec,569387.0,569387.0,7.0,4.5,8.5,0.5555555555555556,-0.17647058823529413,0.006257582829660424,-1.5,3.1162937545593934,0.15,8.5,24.0
GER-Bundesliga,2425,Holstein Kiel,Jann-Fiete Arp,GER,"FW,MF",24,2000,23,3,713,7.9,2,0,2,1,1,2,8,1,3.8,2.2,1.0,3.2,14,21,66,0.25,0.0,0.25,0.13,0.13,0.47,0.13,0.6,0.27,0.4,Jann-Fiete Arp,c21fb312,343337.0,,0.8,7.5,7.5,-0.8933333333333333,-0.8933333333333333,0.0003302719105619281,0.0,2.220028449319844,0.3,7.5,17.0
GER-Bundesliga,2425,Holstein Kiel,John Tolkin,USA,"DF,MF",22,2002,11,9,737,8.2,0,2,2,0,0,0,0,0,0.1,0.1,0.7,0.7,6,17,12,0.0,0.24,0.24,0.0,0.24,0.01,0.08,0.09,0.01,0.09,John Tolkin,5e88c524,683812.0,,2.5,4.0,4.0,-0.375,-0.375,0.0006800740227048938,-0.5,1.6284726208699603,0.1,4.0,21.0
GER-Bundesliga,2425,Holstein Kiel,Lewis Holtby,GER,MF,33,1990,25,13,1238,13.8,0,1,1,0,0,0,1,1,0.5,0.5,1.5,2.1,14,47,34,0.0,0.07,0.07,0.0,0.07,0.04,0.11,0.15,0.04,0.15,Lewis Holtby,410ab123,55508.0,,0.5,11.0,11.0,-0.9545454545454546,-0.9545454545454546,-5.861210829366707e-05,0.0,3.297155977737213,0.05,11.0,22.0
GER-Bundesliga,2425,Holstein Kiel,Max Geschwill,GER,DF,23,2001,19,13,1282,14.2,1,2,3,1,0,0,2,0,0.9,0.9,0.8,1.6,6,58,16,0.07,0.14,0.21,0.07,0.21,0.06,0.05,0.12,0.06,0.12,Max Geschwill,0ffda76d,471890.0,,1.5,0.325,1.0,3.6153846153846154,0.5,0.0014155726546649517,0.0,0.5105245363327822,0.025,1.5,23.0
GER-Bundesliga,2425,Holstein Kiel,Patrick Erras,GER,DF,29,1995,10,10,832,9.2,1,0,1,1,0,0,2,0,0.9,0.9,0.1,1.0,3,25,1,0.11,0.0,0.11,0.11,0.11,0.1,0.01,0.11,0.1,0.11,Patrick Erras,e3f6253d,193859.0,,0.8,3.0,3.0,-0.7333333333333334,-0.7333333333333334,0.0003564647898128261,-0.19999999999999996,0.6280647933258038,0.05,3.0,24.0
GER-Bundesliga,2425,Holstein Kiel,Steven Skrzybski,GER,"MF,FW",31,1992,24,15,1323,14.7,6,3,9,5,1,1,0,0,3.5,2.7,2.9,5.6,17,64,71,0.41,0.2,0.61,0.34,0.54,0.24,0.2,0.44,0.19,0.38,Steven Skrzybski,58ce23e5,93827.0,,1.0,3.5,3.5,-0.7142857142857143,-0.7142857142857143,4.88403374369595e-05,0.0,0.9493540515637376,0.05,3.5,25.0
GER-Bundesliga,2425,Holstein Kiel,Timo Becker,GER,DF,27,1997,30,28,2445,27.2,0,2,2,0,0,0,2,0,1.4,1.4,0.8,2.2,28,57,38,0.0,0.07,0.07,0.0,0.07,0.05,0.03,0.08,0.05,0.08,Timo Becker,543ddcaf,282349.0,,1.5,1.5,2.0,0.0,-0.25,0.0013283727114656847,-0.5,0.5887465812604035,0.025,2.0,27.0
GER-Bundesliga,2425,Holstein Kiel,Tymoteusz Puchacz,POL,DF,25,1999,10,5,396,4.4,0,1,1,0,0,0,0,0,0.1,0.1,0.6,0.7,13,8,30,0.0,0.23,0.23,0.0,0.23,0.02,0.14,0.16,0.02,0.16,Tymoteusz Puchacz,c68b1b13,361575.0,,1.5,4.0,4.0,-0.625,-0.625,-0.0004111883341440287,-0.19999999999999996,1.0820547080921314,0.1,4.0,21.0
GER-Bundesliga,2425,Leverkusen,Amine Adli,MAR,"MF,FW",24,2000,20,6,766,8.5,2,0,2,2,0,0,3,0,2.7,2.7,0.7,3.4,37,24,100,0.23,0.0,0.23,0.23,0.23,0.32,0.08,0.4,0.32,0.4,Amine Adli,dcfb17f4,532776.0,,18.0,30.0,30.0,-0.4,-0.4,0.009844523301244969,-4.0,9.718299710582395,0.15,30.0,24.0
GER-Bundesliga,2425,Leverkusen,Edmond Tapsoba,BFA,DF,25,1999,29,29,2507,27.9,0,0,0,0,0,0,4,0,1.1,1.1,0.2,1.3,52,164,17,0.0,0.0,0.0,0.0,0.0,0.04,0.01,0.05,0.04,0.05,Edmond Tapsoba,a73c8f95,564545.0,,35.0,45.0,45.0,-0.2222222222222222,-0.2222222222222222,0.006618137584228609,-5.0,16.289600432517748,0.05,45.0,25.0
GER-Bundesliga,2425,Leverkusen,Exequiel Palacios,ARG,MF,25,1998,24,11,1155,12.8,1,6,7,1,0,0,2,0,1.5,1.5,2.3,3.8,15,97,40,0.08,0.47,0.55,0.08,0.55,0.12,0.18,0.3,0.12,0.3,Exequiel Palacios,e82adcab,401578.0,,40.0,45.0,45.0,-0.1111111111111111,-0.1111111111111111,0.02846512477738307,0.0,13.225918449437406,0.3,45.0,25.0
GER-Bundesliga,2425,Leverkusen,Florian Wirtz,GER,"MF,FW",21,2003,31,25,2351,26.1,10,12,22,8,2,4,3,0,9.4,6.1,7.0,13.1,131,176,309,0.38,0.46,0.84,0.31,0.77,0.36,0.27,0.63,0.23,0.5,Florian Wirtz,e7fcf289,598577.0,,140.0,130.0,130.0,0.07692307692307693,0.07692307692307693,0.07623864467516955,0.0,39.688909330057484,10.0,140.0,21.0
GER-Bundesliga,2425,Leverkusen,Granit Xhaka,SUI,MF,31,1992,33,33,2888,32.1,2,7,9,2,0,0,3,0,0.9,0.9,4.4,5.3,42,318,72,0.06,0.22,0.28,0.06,0.28,0.03,0.14,0.17,0.03,0.17,Granit Xhaka,e61b8aee,111455.0,,12.0,50.0,50.0,-0.76,-0.76,-0.009603953642740337,-5.0,13.488658578836157,0.05,50.0,26.0
GER-Bundesliga,2425,Leverkusen,Jeremie Frimpong,NED,"DF,MF",23,2000,33,25,2314,25.7,5,5,10,5,0,0,4,0,4.1,4.1,4.2,8.3,100,55,272,0.19,0.19,0.39,0.19,0.39,0.16,0.16,0.32,0.16,0.32,Jeremie Frimpong,74f2e748,484547.0,,50.0,50.0,50.0,0.0,0.0,0.030001059449617663,0.0,18.94830147150321,0.1,50.0,23.0
GER-Bundesliga,2425,Leverkusen,Jonathan Tah,GER,DF,28,1996,33,33,2970,33.0,3,0,3,3,0,0,3,0,1.1,1.1,0.4,1.5,15,169,9,0.09,0.0,0.09,0.09,0.09,0.03,0.01,0.05,0.03,0.05,Jonathan Tah,bd142efb,196357.0,196357.0,30.0,40.0,40.0,-0.25,-0.25,0.009046057325075402,0.0,11.009201651727674,0.5,40.0,22.0
GER-Bundesliga,2425,Leverkusen,Mario Hermoso,ESP,DF,29,1995,4,3,293,3.3,0,0,0,0,0,0,0,0,0.4,0.4,0.2,0.6,2,20,3,0.0,0.0,0.0,0.0,0.0,0.11,0.06,0.17,0.11,0.17,Mario Hermoso,555f3a0b,281769.0,,7.0,35.0,35.0,-0.8,-0.8,-0.007205938993161988,-3.0,11.174347332459808,0.2,35.0,25.0
GER-Bundesliga,2425,Leverkusen,Martin Terrier,FRA,"MF,FW",27,1997,15,7,584,6.5,2,1,3,2,0,0,1,0,2.4,2.4,0.9,3.3,11,14,35,0.31,0.15,0.46,0.31,0.46,0.38,0.14,0.52,0.38,0.52,Martin Terrier,5148dcc5,442891.0,,17.0,35.0,35.0,-0.5142857142857142,-0.5142857142857142,-0.007917167988760942,0.0,8.868399399279351,0.25,35.0,25.0
GER-Bundesliga,2425,Leverkusen,Matej Kovar,CZE,GK,24,2000,5,5,450,5.0,0,0,0,0,0,0,0,0,0.0,0.0,0.0,0.0,0,0,0,0.0,0.0,0.0,0.0,0.0,0.0,0.0,0.0,0.0,0.0,Matej Kovar,bc67a0e1,550829.0,,5.0,7.0,7.0,-0.2857142857142857,-0.2857142857142857,0.006334892390007164,-2.0,2.8016905069921085,0.05,7.0,24.0
GER-Bundesliga,2425,Leverkusen,Nathan Tella,NGA,"MF,FW",25,1999,27,17,1359,15.1,2,4,6,2,0,0,1,0,3.1,3.1,1.5,4.6,38,22,130,0.13,0.26,0.4,0.13,0.4,0.2,0.1,0.31,0.2,0.31,Nathan Tella,f1e94cd6,340322.0,,15.0,23.0,23.0,-0.34782608695652173,-0.34782608695652173,0.015758925481389706,-3.0,9.166120280086389,0.75,23.0,24.0
GER-Bundesliga,2425,Leverkusen,Nordi Mukiele,FRA,DF,26,1997,15,10,899,10.0,1,0,1,1,0,0,4,0,1.4,1.4,1.0,2.4,20,36,28,0.1,0.0,0.1,0.1,0.1,0.14,0.1,0.24,0.14,0.24,Nordi Mukiele,ac73ec79,348026.0,,10.0,25.0,25.0,-0.6,-0.6,-0.011492217981602023,0.0,8.380213434512108,0.1,25.0,22.0
GER-Bundesliga,2425,Leverkusen,Patrik Schick,CZE,FW,28,1996,31,19,1684,18.7,21,0,21,20,1,1,4,0,12.7,11.9,0.6,12.5,7,21,107,1.12,0.0,1.12,1.07,1.07,0.68,0.03,0.71,0.63,0.67,Patrik Schick,5d4f7d61,242086.0,,27.0,50.0,50.0,-0.46,-0.46,-0.01663785629277802,0.0,12.084368068413971,0.2,50.0,26.0
GER-Bundesliga,2425,Leverkusen,Robert Andrich,GER,"MF,DF",29,1994,23,19,1598,17.8,2,2,4,2,0,0,7,0,1.3,1.3,0.3,1.6,8,65,17,0.11,0.11,0.23,0.11,0.23,0.07,0.02,0.09,0.07,0.09,Robert Andrich,e0b113a7,159088.0,,9.0,17.0,17.0,-0.47058823529411764,-0.47058823529411764,5.10706260330194e-05,-6.0,5.494233413903309,0.025,17.0,29.0
GER-Bundesliga,2425,Leverkusen,Victor Boniface,NGA,FW,23,2000,19,12,1008,11.2,8,1,9,8,0,1,2,0,7.8,7.1,1.1,8.1,26,23,61,0.71,0.09,0.8,0.71,0.8,0.7,0.1,0.8,0.63,0.73,Victor Boniface,b146275b,656681.0,,40.0,40.0,45.0,0.0,-0.1111111111111111,0.04587398601070103,-5.0,19.81863995291638,0.05,45.0,23.0
GER-Bundesliga,2425,Mainz 05,Andreas Hanche-Olsen,NOR,DF,27,1997,22,12,1284,14.3,1,1,2,1,0,0,4,1,0.8,0.8,0.3,1.1,2,34,5,0.07,0.07,0.14,0.07,0.14,0.06,0.02,0.08,0.06,0.08,Andreas Hanche-Olsen,2e77d607,370683.0,,6.0,9.0,9.0,-0.3333333333333333,-0.3333333333333333,0.00285778497255163,0.0,2.9623366784501775,0.2,9.0,27.0
GER-Bundesliga,2425,Mainz 05,Anthony Caci,FRA,DF,27,1997,33,33,2684,29.8,1,7,8,1,0,0,6,0,3.1,3.1,6.6,9.7,45,133,152,0.03,0.23,0.27,0.03,0.27,0.1,0.22,0.32,0.1,0.32,Anthony Caci,0118c54c,453016.0,,12.0,8.5,8.5,0.4117647058823529,0.4117647058823529,0.002809247744857241,2.0,2.7687778806507666,0.15,12.0,27.0
GER-Bundesliga,2425,Mainz 05,Armindo Sieb,GER,"FW,MF",21,2003,27,5,762,8.5,2,2,4,2,0,0,2,0,2.8,2.8,1.1,3.9,28,18,64,0.24,0.24,0.47,0.24,0.47,0.33,0.13,0.47,0.33,0.47,Armindo Sieb,228c1d94,569033.0,,3.0,3.5,4.0,-0.14285714285714285,-0.25,0.002437980193654074,-1.0,1.1565033506220377,0.75,4.0,21.0
GER-Bundesliga,2425,Mainz 05,Arnaud Nordin,FRA,"DF,MF",26,1998,6,0,80,0.9,0,0,0,0,0,0,0,0,0.0,0.0,0.5,0.5,3,1,15,0.0,0.0,0.0,0.0,0.0,0.03,0.51,0.54,0.03,0.54,Arnaud Nordin,7b9a9e25,324811.0,,5.0,7.0,8.0,-0.2857142857142857,-0.375,0.002053669222343921,-1.0,2.3649313801673895,0.5,8.0,25.0
GER-Bundesliga,2425,Mainz 05,Aymen Barkok,MAR,MF,26,1998,4,0,73,0.8,0,0,0,0,0,0,0,0,0.0,0.0,0.1,0.1,2,5,6,0.0,0.0,0.0,0.0,0.0,0.0,0.17,0.17,0.0,0.17,Aymen Barkok,a2a85828,315332.0,,0.7,3.5,3.5,-0.7999999999999999,-0.7999999999999999,-0.0009421758354426325,-0.30000000000000004,0.7927464725225648,0.1,3.5,22.0
GER-Bundesliga,2425,Mainz 05,Danny da Costa,GER,DF,31,1993,25,25,2006,22.3,0,1,1,0,0,0,0,0,0.1,0.1,0.6,0.7,21,109,22,0.0,0.04,0.04,0.0,0.04,0.0,0.03,0.03,0.0,0.03,Danny da Costa,5ddb8f9f,85906.0,,1.5,15.0,15.0,-0.9,-0.9,-0.0010013785807621637,0.0,3.921750451337272,0.1,15.0,25.0
GER-Bundesliga,2425,Mainz 05,Dominik Kohr,GER,"DF,MF",30,1994,28,28,2295,25.5,2,0,2,2,0,0,11,1,1.6,1.6,0.6,2.1,26,101,31,0.08,0.0,0.08,0.08,0.08,0.06,0.02,0.08,0.06,0.08,Dominik Kohr,0fbecd11,118847.0,,3.5,8.5,8.5,-0.5882352941176471,-0.5882352941176471,-0.0012411283028658578,0.0,2.0933391902692793,0.2,8.5,25.0
GER-Bundesliga,2425,Mainz 05,Jonathan Burkardt,GER,FW,24,2000,29,28,2109,23.4,18,2,20,16,2,2,0,0,14.8,13.2,3.1,16.3,32,42,157,0.77,0.09,0.85,0.68,0.77,0.63,0.13,0.76,0.56,0.7,Jonathan Burkardt,05f99a4a,333647.0,,35.0,17.0,17.0,1.0588235294117647,1.0588235294117647,0.01778938254152503,0.0,10.258802840209267,1.5,35.0,24.0
GER-Bundesliga,2425,Mainz 05,Karim Onisiwo,AUT,"MF,FW",32,1992,6,1,110,1.2,0,0,0,0,0,0,0,0,0.1,0.1,0.3,0.4,1,0,8,0.0,0.0,0.0,0.0,0.0,0.06,0.27,0.33,0.06,0.33,Karim Onisiwo,f26834c7,119234.0,,0.8,4.5,4.5,-0.8222222222222223,-0.8222222222222223,-0.002916185483752893,-0.19999999999999996,1.3101086273224123,0.175,4.5,27.0
GER-Bundesliga,2425,Mainz 05,Lee Jae-sung,KOR,MF,31,1992,33,31,2650,29.4,7,6,13,7,0,0,4,0,5.3,5.3,5.0,10.3,28,105,165,0.24,0.2,0.44,0.24,0.44,0.18,0.17,0.35,0.18,0.35,Lee Jae-sung,34b0387f,314398.0,,2.5,4.0,4.0,-0.375,-0.375,-0.0009450006848708725,0.0,1.1003098737091375,0.05,4.0,30.0
GER-Bundesliga,2425,Mainz 05,Maxim Leitsch,GER,DF,26,1998,14,6,674,7.5,1,0,1,1,0,0,2,0,1.2,1.2,0.2,1.4,4,25,5,0.13,0.0,0.13,0.13,0.13,0.16,0.03,0.19,0.16,0.19,Maxim Leitsch,7e12a98d,334207.0,,1.5,5.0,5.0,-0.7,-0.7,-0.00342090926013822,-0.5,1.4665570282794211,0.1,5.0,23.0
GER-Bundesliga,2425,Mainz 05,Moritz Jenz,GER,DF,25,1999,19,18,1600,17.8,0,0,0,0,0,0,4,0,1.6,1.6,0.3,1.8,1,47,3,0.0,0.0,0.0,0.0,0.0,0.09,0.01,0.1,0.09,0.1,Moritz Jenz,ee644761,460245.0,,5.0,7.5,7.5,-0.3333333333333333,-0.3333333333333333,0.0022015487293359213,-1.0,2.499984848438934,0.4,7.5,24.0
GER-Bundesliga,2425,Mainz 05,Nadiem Amiri,GER,MF,27,1996,30,30,2473,27.5,7,5,12,5,2,2,9,2,5.5,3.9,6.6,10.5,50,204,64,0.25,0.18,0.44,0.18,0.36,0.2,0.24,0.44,0.14,0.38,Nadiem Amiri,555d5edd,232454.0,,20.0,22.0,22.0,-0.09090909090909091,-0.09090909090909091,0.0077668207770684875,2.0,6.562517432927036,0.1,22.0,24.0
GER-Bundesliga,2425,Mainz 05,Nelson Weiper,GER,"FW,MF",19,2005,23,7,704,7.8,3,2,5,3,0,0,2,0,4.1,4.1,1.9,6.0,12,13,62,0.38,0.26,0.64,0.38,0.64,0.52,0.25,0.77,0.52,0.77,Nelson Weiper,231c67ff,796213.0,,10.0,5.0,5.0,1.0,1.0,0.006279716945234976,4.0,2.8782710859897205,0.4,10.0,20.0
GER-Bundesliga,2425,Mainz 05,Paul Nebel,GER,MF,21,2002,31,26,2345,26.1,10,4,14,10,0,0,5,1,5.8,5.8,4.1,9.8,67,91,219,0.38,0.15,0.54,0.38,0.54,0.22,0.16,0.38,0.22,0.38,Paul Nebel,1b6d8083,503160.0,,24.0,3.5,3.5,5.857142857142857,5.857142857142857,0.016575899040279278,7.0,6.613644355925609,0.5,24.0,22.0
GER-Bundesliga,2425,Mainz 05,Phillipp Mwene,AUT,DF,30,1994,32,32,2607,29.0,1,4,5,1,0,0,7,0,1.5,1.5,1.9,3.4,62,106,144,0.03,0.14,0.17,0.03,0.17,0.05,0.06,0.12,0.05,0.12,Phillipp Mwene,2ff76adc,127573.0,,1.8,3.0,3.0,-0.39999999999999997,-0.39999999999999997,-0.0013041919474477796,0.0,0.9606589722266378,0.05,3.0,27.0
GER-Bundesliga,2425,Mainz 05,Robin Zentner,GER,GK,29,1994,32,32,2880,32.0,0,0,0,0,0,0,3,0,0.0,0.0,0.3,0.3,0,2,0,0.0,0.0,0.0,0.0,0.0,0.0,0.01,0.01,0.0,0.01,Robin Zentner,5c4bf6ba,160963.0,,4.0,5.0,5.0,-0.2,-0.2,-0.0015656609631037415,0.0,1.9969257286117073,0.025,5.0,26.0
GER-Bundesliga,2425,Mainz 05,Silvan Widmer,SUI,DF,31,1993,27,3,504,5.6,0,1,1,0,0,0,3,0,0.3,0.3,0.4,0.7,3,23,36,0.0,0.18,0.18,0.0,0.18,0.06,0.07,0.13,0.06,0.13,Silvan Widmer,f68b64fc,168989.0,,1.2,9.0,9.0,-0.8666666666666667,-0.8666666666666667,-0.0035823299921625656,-0.30000000000000004,2.3985315886001177,0.05,9.0,24.0
GER-Bundesliga,2425,Mainz 05,Stefan Bell,GER,DF,32,1991,18,15,1436,16.0,0,1,1,0,0,0,4,0,0.8,0.8,1.0,1.8,8,38,5,0.0,0.06,0.06,0.0,0.06,0.05,0.06,0.11,0.05,0.11,Stefan Bell,857a5abe,82350.0,,0.8,6.0,6.0,-0.8666666666666667,-0.8666666666666667,-0.0018846355434764353,0.0,1.9270814350054999,0.15,6.0,24.0
GER-Bundesliga,2425,RB Leipzig,Amadou Haidara,MLI,MF,26,1998,28,16,1320,14.7,0,1,1,0,0,0,7,0,1.4,1.4,0.9,2.2,7,65,24,0.0,0.07,0.07,0.0,0.07,0.09,0.06,0.15,0.09,0.15,Amadou Haidara,92432bc6,402008.0,402008.0,16.0,24.0,24.0,-0.3333333333333333,-0.3333333333333333,-0.0028516187149394676,-4.0,8.571533767254747,0.1,24.0,23.0
GER-Bundesliga,2425,RB Leipzig,Arthur Vermeeren,BEL,MF,19,2005,28,18,1572,17.5,0,2,2,0,0,0,7,0,0.4,0.4,0.9,1.3,14,77,20,0.0,0.11,0.11,0.0,0.11,0.02,0.05,0.07,0.02,0.07,Arthur Vermeeren,722494dc,926694.0,926694.0,22.0,30.0,30.0,-0.26666666666666666,-0.26666666666666666,0.023941362865076924,0.0,11.415183270141092,0.15,30.0,18.0
GER-Bundesliga,2425,RB Leipzig,Benjamin Henrichs,GER,DF,27,1997,15,10,935,10.4,0,2,2,0,0,0,3,0,0.5,0.4,1.4,1.8,9,29,55,0.0,0.19,0.19,0.0,0.19,0.05,0.14,0.18,0.04,0.18,Benjamin Henrichs,0a89e877,202591.0,202591.0,15.0,20.0,20.0,-0.25,-0.25,0.0030315663007707445,-2.0,5.701284405697007,0.15,20.0,21.0
GER-Bundesliga,2425,RB Leipzig,Castello Lukeba,FRA,DF,21,2002,23,18,1577,17.5,0,0,0,0,0,0,2,0,0.4,0.4,0.2,0.6,18,80,23,0.0,0.0,0.0,0.0,0.0,0.02,0.01,0.04,0.02,0.04,Castello Lukeba,5b9512c5,618472.0,618472.0,40.0,40.0,40.0,0.0,0.0,0.027141526075907533,-10.0,17.128239574138696,0.4,50.0,22.0
GER-Bundesliga,2425,RB Leipzig,Christoph Baumgartner,AUT,MF,24,1999,31,18,1610,17.9,2,1,3,2,0,0,5,0,4.5,4.5,1.3,5.8,37,53,95,0.11,0.06,0.17,0.11,0.17,0.25,0.07,0.33,0.25,0.33,Christoph Baumgartner,437f2b00,324278.0,324278.0,12.0,24.0,24.0,-0.5,-0.5,-0.007917926637435475,-3.0,9.14915160592637,0.35,24.0,23.0
GER-Bundesliga,2425,RB Leipzig,David Raum,GER,DF,26,1998,22,21,1783,19.8,1,5,6,1,0,0,5,0,0.5,0.5,6.5,6.9,36,71,127,0.05,0.25,0.3,0.05,0.3,0.02,0.33,0.35,0.02,0.35,David Raum,7d450ed3,318204.0,318204.0,20.0,26.0,26.0,-0.23076923076923078,-0.23076923076923078,0.00137119907487771,-5.0,10.023826095026456,0.125,26.0,24.0
GER-Bundesliga,2425,RB Leipzig,El Chadaille Bitshiabu,FRA,DF,19,2005,21,13,1130,12.6,0,0,0,0,0,0,2,1,0.3,0.3,0.4,0.7,4,69,2,0.0,0.0,0.0,0.0,0.0,0.02,0.03,0.05,0.02,0.05,El Chadaille Bitshiabu,2180c761,787912.0,787912.0,18.0,15.0,15.0,0.2,0.2,0.013825107842722867,6.0,6.183280241542878,0.5,18.0,20.0
GER-Bundesliga,2425,RB Leipzig,Elif Elmas,MKD,MF,24,1999,2,0,44,0.5,0,0,0,0,0,0,1,0,0.3,0.3,0.0,0.3,0,2,2,0.0,0.0,0.0,0.0,0.0,0.7,0.0,0.7,0.7,0.7,Elif Elmas,cf007308,400489.0,,14.0,26.0,26.0,-0.46153846153846156,-0.46153846153846156,-0.012755412926026726,2.0,9.05570822461034,0.15,26.0,23.0
GER-Bundesliga,2425,RB Leipzig,Kevin Kampl,SVN,MF,33,1990,26,18,1593,17.7,1,0,1,1,0,0,5,0,0.8,0.8,1.4,2.2,21,106,32,0.06,0.0,0.06,0.06,0.06,0.05,0.08,0.13,0.05,0.13,Kevin Kampl,b825a650,53418.0,53418.0,2.5,22.0,22.0,-0.8863636363636364,-0.8863636363636364,-0.002822673017000055,-0.5,7.268244037883618,0.025,22.0,28.0
GER-Bundesliga,2425,RB Leipzig,Lukas Klostermann,GER,DF,28,1996,28,20,1838,20.4,1,0,1,1,0,0,5,0,0.3,0.3,0.1,0.4,16,83,26,0.05,0.0,0.05,0.05,0.05,0.02,0.01,0.02,0.02,0.02,Lukas Klostermann,ca8033cb,215599.0,215599.0,8.0,38.0,38.0,-0.7894736842105263,-0.7894736842105263,-0.008554969388117808,0.0,11.603785724376973,0.1,38.0,24.0
GER-Bundesliga,2425,RB Leipzig,Lutsharel Geertruida,NED,DF,24,2000,24,17,1557,17.3,1,0,1,1,0,0,2,0,1.1,1.1,1.0,2.0,21,93,34,0.06,0.0,0.06,0.06,0.06,0.06,0.06,0.12,0.06,0.12,Lutsharel Geertruida,242e1043,420210.0,420210.0,20.0,35.0,35.0,-0.42857142857142855,-0.42857142857142855,0.01851268489872277,-7.0,12.819413163095799,0.25,35.0,23.0
GER-Bundesliga,2425,RB Leipzig,Mohamed Simakan,FRA,DF,24,2000,1,1,54,0.6,0,0,0,0,0,0,0,0,0.0,0.0,0.3,0.3,3,7,4,0.0,0.0,0.0,0.0,0.0,0.0,0.46,0.46,0.0,0.46,Mohamed Simakan,fcb27134,666234.0,,23.0,35.0,35.0,-0.34285714285714286,-0.34285714285714286,0.0022032475589706217,-5.0,10.461245005200075,2.5,35.0,23.0
GER-Bundesliga,2425,RB Leipzig,Nicolas Seiwald,AUT,"MF,DF",23,2001,30,20,2084,23.2,0,0,0,0,0,0,2,0,0.2,0.2,1.7,2.0,17,140,30,0.0,0.0,0.0,0.0,0.0,0.01,0.08,0.08,0.01,0.08,Nicolas Seiwald,28c6e925,404950.0,404950.0,18.0,20.0,20.0,-0.1,-0.1,-0.0036626229027050816,2.0,8.574316663734784,0.075,20.0,21.0
GER-Bundesliga,2425,RB Leipzig,Willi Orban,HUN,DF,31,1992,25,25,2222,24.7,5,0,5,5,0,0,4,2,4.0,4.0,1.0,5.0,15,106,8,0.2,0.0,0.2,0.2,0.2,0.16,0.04,0.2,0.16,0.2,Willi Orban,20030c06,93740.0,93740.0,8.0,20.0,20.0,-0.6,-0.6,-0.0011463103379621524,-2.0,6.421368627057887,0.1,20.0,26.0
GER-Bundesliga,2425,RB Leipzig,Xaver Schlager,AUT,MF,26,1997,4,2,181,2.0,0,0,0,0,0,0,1,0,0.1,0.1,0.7,0.8,5,6,2,0.0,0.0,0.0,0.0,0.0,0.03,0.35,0.38,0.03,0.38,Xaver Schlager,8f056768,223979.0,223979.0,10.0,28.0,28.0,-0.6428571428571429,-0.6428571428571429,-0.005883979759847312,-8.0,10.69003095128438,0.05,28.0,26.0
GER-Bundesliga,2425,RB Leipzig,Xavi Simons,NED,MF,21,2003,25,25,2150,23.9,10,6,16,10,0,0,5,0,5.1,5.1,6.3,11.4,85,140,185,0.42,0.25,0.67,0.42,0.67,0.21,0.26,0.48,0.21,0.48,Xavi Simons,da4d670f,566931.0,566931.0,70.0,80.0,80.0,-0.125,-0.125,0.07224160117701187,0.0,33.92404199089489,0.5,80.0,20.0
GER-Bundesliga,2425,RB Leipzig,Yussuf Poulsen,DEN,"FW,MF",30,1994,22,2,378,4.2,2,0,2,2,0,0,1,0,3.3,3.3,0.6,3.9,2,12,30,0.48,0.0,0.48,0.48,0.48,0.8,0.13,0.93,0.8,0.93,Yussuf Poulsen,d2416c2e,157635.0,157635.0,5.0,35.0,35.0,-0.8571428571428571,-0.8571428571428571,-0.0070374412475884725,0.0,10.77934903091569,0.05,35.0,24.0
GER-Bundesliga,2425,St. Pauli,Carlo Boukhalfa,MAR,MF,25,1999,25,19,1646,18.3,2,0,2,2,0,0,1,0,1.5,1.5,1.1,2.6,10,41,44,0.11,0.0,0.11,0.11,0.11,0.08,0.06,0.14,0.08,0.14,Carlo Boukhalfa,1a86f4a9,329373.0,,2.0,0.75,0.75,1.6666666666666667,1.6666666666666667,0.0007853174737932583,1.0,0.44087793692036564,0.05,2.0,26.0
GER-Bundesliga,2425,St. Pauli,Danel Sinani,LUX,"FW,MF",27,1997,26,14,1250,13.9,2,2,4,2,0,0,3,0,1.7,1.7,3.0,4.6,16,60,64,0.14,0.14,0.29,0.14,0.29,0.12,0.21,0.33,0.12,0.33,Danel Sinani,96ddfa79,346499.0,,1.5,1.5,1.5,0.0,0.0,-0.0005282128061947256,0.75,0.4620493299782322,0.025,1.5,25.0
GER-Bundesliga,2425,St. Pauli,David Nemeth,AUT,DF,23,2001,24,24,2137,23.7,0,1,1,0,0,0,3,0,0.2,0.2,0.1,0.3,14,65,5,0.0,0.04,0.04,0.0,0.04,0.01,0.01,0.01,0.01,0.01,David Nemeth,da76715c,451906.0,,4.0,4.0,4.0,0.0,0.0,-8.495980869419631e-05,1.5,1.246627028171787,0.25,4.0,20.0
GER-Bundesliga,2425,St. Pauli,Finley Stevens,WAL,DF,21,2003,1,0,1,0.0,0,0,0,0,0,0,0,0,0.0,0.0,0.0,0.0,0,0,0,0.0,0.0,0.0,0.0,0.0,0.0,0.0,0.0,0.0,0.0,Finley Stevens,7e003182,587019.0,,0.5,0.45,0.6,0.11111111111111108,-0.16666666666666663,0.00019728897971290623,-0.09999999999999998,0.13374935098492585,0.15,0.6,21.0
GER-Bundesliga,2425,St. Pauli,Jackson Irvine,AUS,MF,31,1993,29,29,2610,29.0,0,6,6,0,0,0,2,0,3.2,3.0,3.9,7.0,19,117,58,0.0,0.21,0.21,0.0,0.21,0.11,0.14,0.25,0.1,0.24,Jackson Irvine,4637747c,192557.0,,2.0,3.5,3.5,-0.42857142857142855,-0.42857142857142855,8.7034286960232e-05,0.0,0.9965838388344889,0.1,3.5,26.0
GER-Bundesliga,2425,St. Pauli,James Sands,USA,"MF,DF",24,2000,7,5,453,5.0,0,0,0,0,0,0,1,0,0.1,0.1,0.0,0.1,0,16,6,0.0,0.0,0.0,0.0,0.0,0.01,0.0,0.01,0.01,0.01,James Sands,dccd127f,393321.0,,3.0,4.0,4.0,-0.25,-0.25,0.0002856976569576624,0.0,1.2506338262338266,0.1,4.0,21.0
GER-Bundesliga,2425,St. Pauli,Johannes Eggestein,GER,FW,26,1998,27,22,1853,20.6,3,4,7,2,1,2,3,0,4.7,3.1,2.1,5.2,25,43,138,0.15,0.19,0.34,0.1,0.29,0.23,0.1,0.33,0.15,0.25,Johannes Eggestein,d571df78,251303.0,,2.5,10.0,10.0,-0.75,-0.75,0.0008239791380783504,-0.5,2.459541568940181,0.4,10.0,21.0
GER-Bundesliga,2425,St. Pauli,Karol Mets,EST,DF,31,1993,10,10,900,10.0,0,0,0,0,0,0,1,0,0.1,0.1,0.2,0.3,5,54,2,0.0,0.0,0.0,0.0,0.0,0.01,0.02,0.03,0.01,0.03,Karol Mets,ef2ad14e,139304.0,,1.3,1.3,1.3,0.0,0.0,0.0007047798085047587,0.0,0.3939580650135841,0.025,1.3,30.0
GER-Bundesliga,2425,St. Pauli,Morgan Guilavogui,GUI,"FW,MF",26,1998,25,21,1807,20.1,6,2,8,6,0,0,6,0,7.1,7.1,1.9,9.1,42,41,135,0.3,0.1,0.4,0.3,0.4,0.36,0.1,0.45,0.36,0.45,Morgan Guilavogui,79b51257,691786.0,,4.0,4.0,4.0,0.0,0.0,0.002281523699016552,0.0,1.3382646901687203,0.3,4.0,25.0
GER-Bundesliga,2425,St. Pauli,Robert Wagner,GER,MF,21,2003,12,5,407,4.5,0,0,0,0,0,0,1,0,0.1,0.1,0.0,0.1,1,10,9,0.0,0.0,0.0,0.0,0.0,0.02,0.0,0.02,0.02,0.02,Robert Wagner,e3d3fbeb,690429.0,,3.0,3.0,3.0,0.0,0.0,0.0026876525313459087,0.0,1.2056490963749542,0.1,3.0,20.0
GER-Bundesliga,2425,St. Pauli,Scott Banks,SCO,"FW,MF",22,2001,12,0,116,1.3,0,0,0,0,0,0,1,0,0.3,0.3,0.0,0.3,3,1,8,0.0,0.0,0.0,0.0,0.0,0.22,0.0,0.22,0.22,0.22,Scott Banks,d01f8942,596821.0,,0.5,0.3,0.5,0.6666666666666667,0.0,0.00032309826212298403,0.0,0.11495340671022201,0.25,0.5,23.0
GER-Bundesliga,2425,St. Pauli,Siebe Van Der Heyden,BEL,"DF,MF",26,1998,13,11,872,9.7,1,0,1,1,0,0,4,1,1.7,1.7,0.0,1.8,10,28,26,0.1,0.0,0.1,0.1,0.1,0.18,0.0,0.18,0.18,0.18,Siebe Van Der Heyden,cf9bdd43,400131.0,,2.5,4.0,4.0,-0.375,-0.375,-0.00025554457867875624,0.5,1.2503654227769538,0.1,4.0,25.0
GER-Bundesliga,2425,Stuttgart,Ameen Al-Dakhil,BEL,DF,22,2002,7,6,432,4.8,0,0,0,0,0,0,0,1,0.1,0.1,0.2,0.2,1,12,0,0.0,0.0,0.0,0.0,0.0,0.01,0.04,0.05,0.01,0.05,Ameen Al-Dakhil,93e08bce,620598.0,,7.5,15.0,15.0,-0.5,-0.5,0.007416110199799047,0.0,4.955390745026817,0.1,15.0,21.0
GER-Bundesliga,2425,Stuttgart,Angelo Stiller,GER,MF,23,2001,32,31,2741,30.5,1,8,9,1,0,0,6,0,1.8,1.8,7.2,9.0,39,289,69,0.03,0.26,0.3,0.03,0.3,0.06,0.24,0.29,0.06,0.29,Angelo Stiller,3b1ed320,443710.0,,45.0,20.0,28.0,1.25,0.6071428571428571,0.0320890192150484,7.0,13.465009327530234,0.2,45.0,24.0
GER-Bundesliga,2425,Stuttgart,Anthony Rouault,FRA,DF,23,2001,18,14,1212,13.5,1,0,1,1,0,0,1,0,0.5,0.5,0.3,0.8,6,52,4,0.07,0.0,0.07,0.07,0.07,0.04,0.02,0.06,0.04,0.06,Anthony Rouault,9b545925,690799.0,690799.0,10.0,10.0,10.0,0.0,0.0,0.005378921777759719,0.0,3.8025919952517837,0.15,10.0,22.0
GER-Bundesliga,2425,Stuttgart,Atakan Karazor,,MF,27,1996,32,31,2618,29.1,2,4,6,2,0,0,10,1,2.3,2.0,2.6,4.6,19,140,33,0.07,0.14,0.21,0.07,0.21,0.08,0.09,0.17,0.07,0.16,Atakan Karazor,5762be5c,232320.0,,12.0,12.0,12.0,0.0,0.0,0.009021577765555799,0.0,4.068973599551385,0.05,12.0,27.0
GER-Bundesliga,2425,Stuttgart,Dan-Axel Zagadou,FRA,"DF,MF",25,1999,2,0,29,0.3,0,0,0,0,0,0,1,0,0.0,0.0,0.0,0.0,0,0,0,0.0,0.0,0.0,0.0,0.0,0.0,0.0,0.0,0.0,0.0,Dan-Axel Zagadou,a4effc55,344598.0,,2.0,35.0,35.0,-0.9428571428571428,-0.9428571428571428,-0.001884696767406791,-4.0,10.340931949079764,0.125,35.0,20.0
GER-Bundesliga,2425,Stuttgart,Deniz Undav,GER,"FW,MF",28,1996,27,20,1726,19.2,9,3,12,9,0,0,4,0,11.7,11.7,3.6,15.2,31,70,141,0.47,0.16,0.63,0.47,0.63,0.61,0.19,0.79,0.61,0.79,Deniz Undav,dd549382,339314.0,,20.0,25.0,28.0,-0.2,-0.2857142857142857,0.017804839410467913,-2.0,9.670907764488673,0.025,28.0,28.0
GER-Bundesliga,2425,Stuttgart,Enzo Millot,FRA,"MF,FW",22,2002,29,22,1843,20.5,6,5,11,6,0,1,9,0,7.6,6.7,3.1,9.8,44,118,123,0.29,0.24,0.54,0.29,0.54,0.37,0.15,0.52,0.33,0.48,Enzo Millot,f76022e7,569366.0,,35.0,30.0,42.0,0.16666666666666666,-0.16666666666666666,0.0394851444376819,0.0,16.49651924070116,0.15,42.0,22.0
GER-Bundesliga,2425,Stuttgart,Fabian Rieder,SUI,"MF,FW",22,2002,21,8,867,9.6,1,3,4,1,0,0,1,0,1.4,1.4,2.0,3.4,20,38,61,0.1,0.31,0.42,0.1,0.42,0.14,0.21,0.35,0.14,0.35,Fabian Rieder,c2bd8585,507341.0,,6.0,15.0,15.0,-0.6,-0.6,0.0005651914709768906,-1.0,4.672756814772196,0.225,15.0,21.0
GER-Bundesliga,2425,Stuttgart,Jamie Leweling,GER,"MF,FW",23,2001,27,22,1663,18.5,2,2,4,2,0,0,4,0,1.6,1.6,3.8,5.4,55,51,164,0.11,0.11,0.22,0.11,0.22,0.08,0.21,0.29,0.08,0.29,Jamie Leweling,13fe7b69,518505.0,,20.0,9.0,13.0,1.2222222222222223,0.5384615384615384,0.01353217530844224,0.0,6.048206684097961,0.25,20.0,23.0
GER-Bundesliga,2425,Stuttgart,Josha Vagnoman,GER,"DF,MF",23,2000,26,19,1834,20.4,1,1,2,1,0,0,4,0,1.5,1.5,2.1,3.5,24,47,96,0.05,0.05,0.1,0.05,0.1,0.07,0.1,0.17,0.07,0.17,Josha Vagnoman,fb377d11,448258.0,,10.0,10.0,10.0,0.0,0.0,0.008314751002398183,-2.0,3.595523009839558,0.2,12.0,24.0
GER-Bundesliga,2425,Stuttgart,Julian Chabot,GER,DF,26,1998,31,27,2269,25.2,3,1,4,3,0,0,11,1,2.0,1.8,0.5,2.4,7,108,5,0.12,0.04,0.16,0.12,0.16,0.08,0.02,0.1,0.07,0.09,Julian Chabot,ae7058f9,303219.0,,12.0,9.0,12.0,0.3333333333333333,0.0,0.011070257656034362,0.0,3.8524642734567793,0.2,12.0,26.0
GER-Bundesliga,2425,Stuttgart,Justin Diehl,GER,"FW,DF",19,2004,6,0,104,1.2,1,0,1,1,0,0,0,0,1.0,1.0,0.1,1.1,5,5,20,0.87,0.0,0.87,0.87,0.87,0.84,0.1,0.94,0.84,0.94,Justin Diehl,d82a310a,720162.0,,3.0,2.5,2.5,0.2,0.2,0.0037668033571072145,-0.5,1.2392393980641052,0.5,3.5,20.0
GER-Bundesliga,2425,Stuttgart,Leonidas Stergiou,SUI,DF,22,2002,12,11,852,9.5,1,2,3,1,0,0,0,1,1.1,1.1,0.9,2.0,11,39,32,0.11,0.21,0.32,0.11,0.32,0.11,0.1,0.21,0.11,0.21,Leonidas Stergiou,08391d76,507345.0,,5.0,7.0,7.0,-0.2857142857142857,-0.2857142857142857,-0.001240889155736326,0.0,1.9753210833565618,0.75,7.0,20.0
GER-Bundesliga,2425,Stuttgart,Nick Woltemade,GER,"FW,MF",22,2002,28,17,1622,18.0,12,2,14,10,2,3,5,1,10.2,8.0,4.6,12.6,31,52,141,0.67,0.11,0.78,0.55,0.67,0.57,0.25,0.82,0.44,0.7,Nick Woltemade,7ca196eb,455661.0,,30.0,4.0,4.0,6.5,6.5,0.021066198741078252,13.0,7.810464440698246,0.325,30.0,23.0
GER-Bundesliga,2425,Stuttgart,Nikolas Nartey,DEN,MF,24,2000,1,0,22,0.2,0,0,0,0,0,0,0,0,0.0,0.0,0.0,0.0,0,0,0,0.0,0.0,0.0,0.0,0.0,0.0,0.0,0.0,0.0,0.0,Nikolas Nartey,30261ba1,400546.0,,0.4,1.8,1.8,-0.7777777777777777,-0.7777777777777777,-0.001527976339356473,0.0,0.5523439884518953,0.3,1.8,21.0
GER-Bundesliga,2425,Stuttgart,Pascal Stenzel,GER,DF,28,1996,10,4,290,3.2,0,0,0,0,0,0,0,0,0.3,0.3,0.6,0.9,2,12,16,0.0,0.0,0.0,0.0,0.0,0.1,0.17,0.28,0.1,0.28,Pascal Stenzel,99f7e9aa,195246.0,,2.0,6.5,6.5,-0.6923076923076923,-0.6923076923076923,0.0008498937289268956,-0.5,1.6372478875116283,0.1,6.5,22.0
GER-Bundesliga,2425,Stuttgart,Ramon Hendriks,NED,DF,23,2001,25,10,1154,12.8,0,1,1,0,0,0,3,0,0.6,0.6,1.0,1.6,8,36,22,0.0,0.08,0.08,0.0,0.08,0.04,0.08,0.12,0.04,0.12,Ramon Hendriks,5a28ad23,436064.0,,5.0,1.0,1.0,4.0,4.0,0.0028857011555410007,0.0,1.630038807866707,0.5,5.0,23.0
GER-Bundesliga,2425,Stuttgart,Yannik Keitel,GER,MF,24,2000,11,2,270,3.0,0,0,0,0,0,0,1,0,0.5,0.5,0.0,0.6,2,11,3,0.0,0.0,0.0,0.0,0.0,0.18,0.01,0.19,0.18,0.19,Yannik Keitel,d2c580ce,342039.0,,3.5,5.0,5.0,-0.3,-0.3,-0.0003027692554949734,0.0,1.8756072001570705,0.025,5.0,24.0
GER-Bundesliga,2425,Union Berlin,Alexander Schwolow,GER,GK,32,1992,6,6,540,6.0,0,0,0,0,0,0,0,0,0.0,0.0,0.0,0.0,0,0,0,0.0,0.0,0.0,0.0,0.0,0.0,0.0,0.0,0.0,0.0,Alexander Schwolow,0d55d942,93763.0,93763.0,0.5,9.0,9.0,-0.9444444444444444,-0.9444444444444444,-0.002192186361143932,-0.19999999999999996,2.8669860941185488,0.025,9.0,27.0
GER-Bundesliga,2425,Union Berlin,Aljoscha Kemlein,GER,MF,19,2004,15,11,922,10.2,1,0,1,1,0,0,3,0,0.9,0.9,0.6,1.5,5,42,19,0.1,0.0,0.1,0.1,0.1,0.09,0.06,0.15,0.09,0.15,Aljoscha Kemlein,4658e309,692737.0,692737.0,7.0,2.0,3.0,2.5,1.3333333333333333,0.007649760862179201,0.0,2.8473985620963873,0.25,7.0,20.0
GER-Bundesliga,2425,Union Berlin,Andrej Ilic,SRB,FW,24,2000,16,11,937,10.4,7,0,7,6,1,1,1,0,4.9,4.1,0.3,4.4,5,13,59,0.67,0.0,0.67,0.58,0.58,0.47,0.03,0.5,0.39,0.42,Andrej Ilic,cd2cb5bb,583699.0,583699.0,4.0,3.0,3.0,0.3333333333333333,0.3333333333333333,0.0025796450915662105,1.5,1.255255618058197,0.15,4.0,25.0
GER-Bundesliga,2425,Union Berlin,Benedict Hollerbach,GER,"FW,MF",23,2001,34,30,2540,28.2,9,1,10,9,0,0,3,0,7.0,7.0,1.6,8.6,103,68,214,0.32,0.04,0.35,0.32,0.35,0.25,0.06,0.31,0.25,0.31,Benedict Hollerbach,2a158218,453870.0,453870.0,12.0,4.0,5.0,2.0,1.4,0.008897095312606079,4.5,3.2875374323771656,0.125,12.0,24.0
GER-Bundesliga,2425,Union Berlin,Christopher Trimmel,AUT,"DF,MF",37,1987,26,20,1740,19.3,0,3,3,0,0,0,5,0,0.2,0.2,2.1,2.3,18,73,45,0.0,0.16,0.16,0.0,0.16,0.01,0.11,0.12,0.01,0.12,Christopher Trimmel,056d2d95,75921.0,75921.0,0.6,1.2,1.2,-0.5,-0.5,-0.0002880468287113109,0.0,0.23157720743415788,0.075,1.2,33.0
GER-Bundesliga,2425,Union Berlin,Danilho Doekhi,NED,DF,26,1998,34,34,3060,34.0,1,1,2,1,0,0,4,0,2.6,2.6,1.4,4.0,13,96,14,0.03,0.03,0.06,0.03,0.06,0.08,0.04,0.12,0.08,0.12,Danilho Doekhi,f67c9d29,387047.0,387047.0,13.0,17.0,17.0,-0.23529411764705882,-0.23529411764705882,0.00923165840587071,0.0,6.4268272369290695,0.05,17.0,24.0
GER-Bundesliga,2425,Union Berlin,Diogo Leite,POR,DF,25,1999,30,29,2546,28.3,1,2,3,1,0,0,3,0,1.4,1.4,1.0,2.4,20,116,16,0.04,0.07,0.11,0.04,0.11,0.05,0.04,0.08,0.05,0.08,Diogo Leite,c4987edc,357156.0,357156.0,17.0,15.0,15.0,0.13333333333333333,0.13333333333333333,0.008819611884039362,0.0,5.302450246670972,0.125,17.0,25.0
GER-Bundesliga,2425,Union Berlin,Janik Haberer,GER,"MF,DF",30,1994,28,21,1696,18.8,0,0,0,0,0,0,1,0,0.7,0.7,0.8,1.6,13,59,22,0.0,0.0,0.0,0.0,0.0,0.04,0.04,0.08,0.04,0.08,Janik Haberer,70dcf94d,177779.0,177779.0,2.5,10.0,10.0,-0.75,-0.75,-0.0028063178668651734,0.0,3.0508086067598885,0.025,10.0,25.0
GER-Bundesliga,2425,Union Berlin,Jeong Woo-yeong,KOR,"MF,FW",24,1999,23,17,1263,14.0,3,2,5,3,0,0,2,0,2.8,2.8,1.7,4.4,32,63,93,0.21,0.14,0.36,0.21,0.36,0.2,0.12,0.31,0.2,0.31,Jeong Woo-yeong,6190474d,297583.0,297583.0,4.0,5.5,5.5,-0.2727272727272727,-0.2727272727272727,-0.0013554262399814434,0.0,1.5330436892718924,0.125,5.5,22.0
GER-Bundesliga,2425,Union Berlin,Jordan Pefok,USA,FW,28,1996,18,10,908,10.1,0,1,1,0,0,0,2,0,3.2,3.2,0.9,4.1,3,12,40,0.0,0.1,0.1,0.0,0.1,0.32,0.09,0.4,0.32,0.4,Jordan Pefok,b684a484,355369.0,,3.0,10.0,10.0,-0.7,-0.7,-0.00441893626311006,0.0,2.801743504796017,0.25,10.0,26.0
GER-Bundesliga,2425,Union Berlin,Kevin Vogt,GER,DF,32,1991,18,16,1367,15.2,1,0,1,0,1,1,6,0,0.8,0.0,0.0,0.0,11,70,2,0.07,0.0,0.07,0.0,0.0,0.05,0.0,0.05,0.0,0.0,Kevin Vogt,1d8e9add,84435.0,84435.0,1.0,17.0,17.0,-0.9411764705882353,-0.9411764705882353,-0.0021352016522700724,-1.0,4.543306092714956,0.1,17.0,27.0
GER-Bundesliga,2425,Union Berlin,Kevin Volland,GER,"FW,MF",32,1992,4,0,61,0.7,0,0,0,0,0,0,1,0,0.0,0.0,0.1,0.1,0,2,4,0.0,0.0,0.0,0.0,0.0,0.0,0.08,0.08,0.0,0.08,Kevin Volland,64f69877,82009.0,82009.0,0.7,35.0,35.0,-0.9799999999999999,-0.9799999999999999,-0.016729744743414203,-1.1,10.800153708255786,0.1,35.0,27.0
GER-Bundesliga,2425,Union Berlin,Lucas Tousart,FRA,MF,27,1997,15,6,561,6.2,0,1,1,0,0,0,2,0,0.4,0.4,0.5,0.8,4,18,13,0.0,0.16,0.16,0.0,0.16,0.06,0.07,0.14,0.06,0.14,Lucas Tousart,71ec39ef,353948.0,353948.0,2.5,25.0,25.0,-0.9,-0.9,-0.006740667669824381,-1.5,7.626335211398314,0.15,25.0,20.0
GER-Bundesliga,2425,Union Berlin,Rani Khedira,GER,MF,30,1994,32,31,2723,30.3,1,1,2,1,0,0,7,0,1.4,1.4,0.6,2.1,12,80,34,0.03,0.03,0.07,0.03,0.07,0.05,0.02,0.07,0.05,0.07,Rani Khedira,59e4b92e,124410.0,124410.0,2.5,10.0,10.0,-0.75,-0.75,-0.004896706134364483,-0.5,3.348570572176625,0.1,10.0,25.0
GER-Bundesliga,2425,Union Berlin,Robert Skov,DEN,"DF,MF",28,1996,15,11,852,9.5,2,2,4,1,1,1,1,0,1.7,0.9,2.4,3.3,25,36,45,0.21,0.21,0.42,0.11,0.32,0.18,0.25,0.43,0.1,0.35,Robert Skov,ff98492b,270393.0,270393.0,4.0,14.0,14.0,-0.7142857142857143,-0.7142857142857143,-0.0046113802947730055,0.0,4.53077086326208,0.05,14.0,24.0
GER-Bundesliga,2425,Union Berlin,Robin Gosens,GER,DF,30,1994,1,1,90,1.0,0,0,0,0,0,0,1,0,0.0,0.0,0.1,0.2,1,4,5,0.0,0.0,0.0,0.0,0.0,0.02,0.13,0.15,0.02,0.15,Robin Gosens,2d970560,273132.0,273132.0,8.0,35.0,35.0,-0.7714285714285715,-0.7714285714285715,-0.018272407653322113,0.0,11.821026585717076,0.1,35.0,26.0
GER-Bundesliga,2425,Union Berlin,Tim Skarke,GER,"FW,MF",27,1996,33,11,1164,12.9,0,2,2,0,0,0,1,0,2.1,2.1,1.2,3.3,26,25,96,0.0,0.15,0.15,0.0,0.15,0.16,0.09,0.25,0.16,0.25,Tim Skarke,65857fdf,287920.0,287920.0,2.0,3.0,3.0,-0.3333333333333333,-0.3333333333333333,0.0016681730480982305,-0.5,0.9401387330806149,0.1,3.0,27.0
GER-Bundesliga,2425,Union Berlin,Tom Rothe,GER,"DF,MF",19,2004,26,19,1670,18.6,3,3,6,3,0,0,4,1,1.8,1.8,1.3,3.1,25,50,91,0.16,0.16,0.32,0.16,0.32,0.1,0.07,0.17,0.1,0.17,Tom Rothe,90c1f9a4,798043.0,798043.0,10.0,6.0,8.0,0.6666666666666666,0.25,0.009063566294192865,0.0,3.632071646380953,1.2,12.0,20.0
GER-Bundesliga,2425,Union Berlin,Yorbe Vertessen,BEL,"MF,FW",23,2001,17,7,718,8.0,1,0,1,1,0,0,2,0,1.3,1.3,1.6,2.9,18,16,42,0.13,0.0,0.13,0.13,0.13,0.16,0.2,0.36,0.16,0.36,Yorbe Vertessen,e8ef59da,409517.0,,6.0,5.0,5.0,0.2,0.2,0.0015146954187852488,0.0,2.1804487193344073,0.1,6.0,23.0
GER-Bundesliga,2425,Werder Bremen,Amos Pieper,GER,DF,26,1998,23,16,1498,16.6,0,0,0,0,0,0,3,0,0.4,0.4,0.6,1.0,11,62,3,0.0,0.0,0.0,0.0,0.0,0.03,0.04,0.06,0.03,0.06,Amos Pieper,526ea7cc,334221.0,,3.5,7.0,7.0,-0.5,-0.5,-0.0024267266917897433,0.5,2.436864025147131,0.05,7.0,23.0
GER-Bundesliga,2425,Werder Bremen,Anthony Jung,GER,DF,32,1991,28,20,1898,21.1,0,0,0,0,0,0,1,0,0.0,0.0,0.1,0.1,20,121,6,0.0,0.0,0.0,0.0,0.0,0.0,0.0,0.0,0.0,0.0,Anthony Jung,de838f86,58995.0,,1.0,1.5,1.5,-0.3333333333333333,-0.3333333333333333,-0.00017714853730199285,0.0,0.3672172175272897,0.05,1.5,31.0
GER-Bundesliga,2425,Werder Bremen,Felix Agu,NGA,DF,24,1999,22,21,1751,19.5,3,0,3,3,0,0,1,0,1.4,1.4,1.8,3.2,33,43,105,0.15,0.0,0.15,0.15,0.15,0.07,0.09,0.17,0.07,0.17,Felix Agu,cb6d81b3,393512.0,,8.0,4.0,6.0,1.0,0.3333333333333333,0.005633375468271512,2.0,2.0337680880251723,0.075,8.0,25.0
GER-Bundesliga,2425,Werder Bremen,Jens Stage,DEN,MF,27,1996,28,26,2204,24.5,10,5,15,10,0,0,10,0,7.2,7.2,2.8,10.0,28,104,89,0.41,0.2,0.61,0.41,0.61,0.29,0.12,0.41,0.29,0.41,Jens Stage,1fffae99,289835.0,,14.0,7.5,9.0,0.8666666666666667,0.5555555555555556,0.009155484166635558,2.0,3.682073517003073,0.05,14.0,28.0
GER-Bundesliga,2425,Werder Bremen,Justin Njinmah,GER,"FW,MF",23,2000,26,10,952,10.6,3,2,5,3,0,0,1,0,3.7,3.7,1.6,5.2,33,23,103,0.28,0.19,0.47,0.28,0.47,0.35,0.15,0.49,0.35,0.49,Justin Njinmah,a45241d5,596153.0,,7.0,9.0,9.0,-0.2222222222222222,-0.2222222222222222,0.008307215018213698,0.0,3.545716982237676,0.025,9.0,23.0
GER-Bundesliga,2425,Werder Bremen,Keke Maximilian Topp,GER,"FW,MF",20,2004,19,1,252,2.8,2,2,4,2,0,0,1,0,1.0,1.0,2.0,3.0,10,9,27,0.71,0.71,1.43,0.71,1.43,0.35,0.72,1.08,0.35,1.08,Keke Maximilian Topp,ebb32f3a,701757.0,,4.0,1.5,4.0,1.6666666666666667,0.0,0.005671032168350429,0.0,1.6403396860755048,0.5,4.0,20.0
GER-Bundesliga,2425,Werder Bremen,Leonardo Bittencourt,GER,MF,30,1993,27,10,982,10.9,2,1,3,2,0,0,3,0,1.6,1.6,1.6,3.2,19,64,38,0.18,0.09,0.27,0.18,0.27,0.15,0.14,0.29,0.15,0.29,Leonardo Bittencourt,dc62fbee,93844.0,,1.5,7.0,7.0,-0.7857142857142857,-0.7857142857142857,-0.0017117338682574531,-0.5,2.006149422202066,0.075,7.0,24.0
GER-Bundesliga,2425,Werder Bremen,Marco Friedl,AUT,DF,26,1998,26,25,2161,24.0,0,0,0,0,0,0,10,2,0.5,0.5,0.2,0.7,4,69,1,0.0,0.0,0.0,0.0,0.0,0.02,0.01,0.03,0.02,0.03,Marco Friedl,f86ad3f5,156990.0,,12.0,7.5,7.5,0.6,0.6,0.005438618755256829,2.0,3.0663721789634324,0.1,12.0,27.0
GER-Bundesliga,2425,Werder Bremen,Marvin Ducksch,GER,FW,30,1994,32,30,2418,26.9,8,8,16,7,1,2,3,0,10.1,8.5,8.5,17.0,26,86,166,0.3,0.3,0.6,0.26,0.56,0.38,0.31,0.69,0.32,0.63,Marvin Ducksch,638a4d71,125103.0,,6.0,9.0,9.0,-0.3333333333333333,-0.3333333333333333,0.003125398964796046,-1.5,2.823285716120224,0.15,9.0,29.0
GER-Bundesliga,2425,Werder Bremen,Michael Zetterer,GER,GK,29,1995,34,34,3060,34.0,0,0,0,0,0,0,2,0,0.0,0.0,0.0,0.0,0,3,0,0.0,0.0,0.0,0.0,0.0,0.0,0.0,0.0,0.0,0.0,Michael Zetterer,9b688ae1,196813.0,,4.5,3.0,4.0,0.5,0.125,0.004513807605990329,0.0,1.3324339724749181,0.05,4.5,29.0
GER-Bundesliga,2425,Werder Bremen,Mitchell Weiser,GER,"DF,MF",30,1994,32,32,2868,31.9,5,9,14,5,0,0,9,1,5.4,5.4,4.7,10.1,65,125,200,0.16,0.28,0.44,0.16,0.44,0.17,0.15,0.32,0.17,0.32,Mitchell Weiser,30c220c3,119211.0,,5.0,14.0,14.0,-0.6428571428571429,-0.6428571428571429,0.002903024176434729,0.0,4.174779039665457,0.2,14.0,25.0
GER-Bundesliga,2425,Werder Bremen,Niklas Stark,GER,DF,29,1995,26,25,2106,23.4,0,1,1,0,0,0,6,1,1.1,1.1,0.1,1.2,7,62,3,0.0,0.04,0.04,0.0,0.04,0.05,0.0,0.05,0.05,0.05,Niklas Stark,aad48be9,162434.0,,4.0,20.0,20.0,-0.8,-0.8,-0.0014704182265118497,-1.0,6.019268671968826,0.15,20.0,23.0
GER-Bundesliga,2425,Werder Bremen,Oliver Burke,SCO,FW,27,1997,25,9,908,10.1,5,0,5,5,0,0,4,0,4.1,4.1,1.7,5.8,22,15,88,0.5,0.0,0.5,0.5,0.5,0.41,0.17,0.57,0.41,0.57,Oliver Burke,f631c17f,341317.0,,3.0,12.0,12.0,-0.75,-0.75,-0.0018776670507391253,1.2,3.547758230423609,0.1,12.0,20.0
GER-Bundesliga,2425,Werder Bremen,Olivier Deman,BEL,DF,24,2000,9,0,67,0.7,0,0,0,0,0,0,1,0,0.0,0.0,0.1,0.1,2,4,1,0.0,0.0,0.0,0.0,0.0,0.0,0.15,0.15,0.0,0.15,Olivier Deman,13210854,621802.0,,3.0,6.0,6.0,-0.5,-0.5,0.0025372317953035136,0.0,1.8921713717314297,0.05,6.0,23.0
GER-Bundesliga,2425,Werder Bremen,Romano Schmid,AUT,MF,24,2000,32,32,2834,31.5,5,4,9,4,1,1,4,0,4.3,3.5,6.2,9.7,107,279,201,0.16,0.13,0.29,0.13,0.25,0.14,0.2,0.33,0.11,0.31,Romano Schmid,220ace7e,346853.0,,17.0,10.0,13.0,0.7,0.3076923076923077,0.013080430569547144,2.0,4.86697639599068,0.1,17.0,25.0
GER-Bundesliga,2425,Werder Bremen,Senne Lynen,BEL,MF,25,1999,32,32,2733,30.4,0,1,1,0,0,0,9,0,1.1,1.1,0.6,1.7,9,91,28,0.0,0.03,0.03,0.0,0.03,0.04,0.02,0.06,0.04,0.06,Senne Lynen,0ed60738,338668.0,,9.0,7.0,7.0,0.2857142857142857,0.2857142857142857,0.007054042608682084,0.0,3.065237372057639,0.025,9.0,25.0
GER-Bundesliga,2425,Werder Bremen,Skelly Alvero,FRA,MF,22,2002,12,1,236,2.6,0,0,0,0,0,0,1,0,0.0,0.0,0.0,0.0,1,8,0,0.0,0.0,0.0,0.0,0.0,0.01,0.0,0.01,0.01,0.01,Skelly Alvero,add37c13,855134.0,,2.5,4.0,4.0,-0.375,-0.375,0.00218456013653192,-0.5,1.40988573217044,0.2,4.0,21.0
GER-Bundesliga,2425,Wolfsburg,Andreas Skov Olsen,DEN,"FW,MF",24,1999,12,4,535,5.9,1,1,2,1,0,0,0,0,0.8,0.8,1.9,2.7,22,22,48,0.17,0.17,0.34,0.17,0.34,0.14,0.32,0.46,0.14,0.46,Andreas Skov Olsen,c50cee19,432982.0,,14.0,20.0,20.0,-0.3,-0.3,0.0024516682765331043,-2.0,6.189681313436481,0.05,20.0,22.0
GER-Bundesliga,2425,Wolfsburg,Aster Vranckx,BEL,MF,21,2002,14,6,556,6.2,0,0,0,0,0,0,1,0,0.0,0.0,0.0,0.0,5,20,6,0.0,0.0,0.0,0.0,0.0,0.0,0.01,0.01,0.0,0.01,Aster Vranckx,f86cd5df,503881.0,,7.0,12.0,12.0,-0.4166666666666667,-0.4166666666666667,-0.0002547371641418706,-2.0,3.791381809234176,0.15,12.0,21.0
GER-Bundesliga,2425,Wolfsburg,Denis Vavro,SVK,DF,28,1996,29,27,2461,27.3,2,0,2,2,0,0,4,0,1.4,1.4,0.2,1.6,9,96,3,0.07,0.0,0.07,0.07,0.07,0.05,0.01,0.06,0.05,0.06,Denis Vavro,08990838,239962.0,,7.0,8.0,8.0,-0.125,-0.125,0.0038207104251661832,0.0,2.687408174880157,0.075,8.0,23.0
GER-Bundesliga,2425,Wolfsburg,Jonas Wind,DEN,"FW,MF",25,1999,31,21,1966,21.8,9,3,12,8,1,2,2,0,5.7,4.0,4.2,8.1,17,100,94,0.41,0.14,0.55,0.37,0.5,0.26,0.19,0.45,0.18,0.37,Jonas Wind,2077ae86,391004.0,,12.0,25.0,25.0,-0.52,-0.52,0.0016228104613979172,-3.0,7.682378646400259,0.05,25.0,24.0
GER-Bundesliga,2425,Wolfsburg,Kamil Grabara,POL,GK,25,1999,29,29,2585,28.7,0,0,0,0,0,0,2,0,0.0,0.0,0.0,0.0,0,2,0,0.0,0.0,0.0,0.0,0.0,0.0,0.0,0.0,0.0,0.0,Kamil Grabara,62182b1d,346551.0,,14.0,11.0,14.0,0.2727272727272727,0.0,0.011058911869942487,0.0,4.721166356389688,0.1,14.0,25.0
GER-Bundesliga,2425,Wolfsburg,Kevin Behrens,GER,FW,33,1991,18,0,170,1.9,1,0,1,1,0,0,2,0,2.3,2.3,0.1,2.4,2,4,18,0.53,0.0,0.53,0.53,0.53,1.24,0.06,1.3,1.24,1.3,Kevin Behrens,30ae134d,117432.0,,1.0,4.0,4.0,-0.75,-0.75,0.00045170310866176743,-0.5,0.9858546032658608,0.05,4.0,32.0
GER-Bundesliga,2425,Wolfsburg,Kevin Paredes,USA,DF,21,2003,2,2,123,1.4,0,1,1,0,0,0,1,0,0.4,0.4,0.1,0.4,1,7,12,0.0,0.73,0.73,0.0,0.73,0.27,0.05,0.32,0.27,0.32,Kevin Paredes,5c50fdbc,711517.0,,7.5,7.5,7.5,0.0,0.0,0.0028845162048642178,0.0,2.875153284653952,0.05,7.5,21.0
GER-Bundesliga,2425,Wolfsburg,Kilian Fischer,GER,DF,23,2000,32,29,2297,25.5,1,0,1,1,0,0,7,0,0.3,0.3,0.5,0.8,51,110,89,0.04,0.0,0.04,0.04,0.04,0.01,0.02,0.03,0.01,0.03,Kilian Fischer,79f7302a,435796.0,,6.0,2.0,2.5,2.0,1.4,0.003552458604724645,0.0,1.9274220423059052,0.05,6.0,24.0
GER-Bundesliga,2425,Wolfsburg,Lovro Majer,CRO,MF,26,1998,9,3,304,3.4,2,1,3,1,1,1,1,0,1.4,0.6,1.1,1.7,8,17,10,0.59,0.3,0.89,0.3,0.59,0.41,0.31,0.72,0.18,0.49,Lovro Majer,fc46aab1,387106.0,,17.0,27.0,27.0,-0.37037037037037035,-0.37037037037037035,-0.000491933989225358,-3.0,9.250819854704217,0.15,27.0,25.0
GER-Bundesliga,2425,Wolfsburg,Lukas Nmecha,GER,"FW,MF",25,1998,19,3,467,5.2,3,0,3,3,0,0,1,0,4.5,4.5,0.3,4.8,8,6,32,0.58,0.0,0.58,0.58,0.58,0.87,0.05,0.92,0.87,0.92,Lukas Nmecha,0cc5f4a5,314288.0,,3.0,18.0,18.0,-0.8333333333333334,-0.8333333333333334,-0.015477692764958553,0.0,5.836911183472188,0.5,18.0,23.0
GER-Bundesliga,2425,Wolfsburg,Mads Roerslev,DEN,DF,25,1999,7,2,298,3.3,0,0,0,0,0,0,0,0,0.0,0.0,0.0,0.0,7,13,18,0.0,0.0,0.0,0.0,0.0,0.0,0.01,0.01,0.0,0.01,Mads Roerslev,57c94db2,391005.0,,6.0,10.0,10.0,-0.4,-0.4,0.006037938857683943,-2.0,3.852353651337162,0.15,12.0,25.0
GER-Bundesliga,2425,Wolfsburg,Mattias Svanberg,SWE,MF,25,1999,20,14,1219,13.5,3,1,4,3,0,0,4,0,3.6,3.6,1.7,5.4,11,36,39,0.22,0.07,0.3,0.22,0.3,0.27,0.13,0.4,0.27,0.4,Mattias Svanberg,92d83c27,342405.0,,12.0,18.0,18.0,-0.3333333333333333,-0.3333333333333333,-0.003871430612409698,0.0,6.343927542671549,0.075,18.0,24.0
GER-Bundesliga,2425,Wolfsburg,Maximilian Arnold,GER,MF,30,1994,28,27,2356,26.2,3,5,8,3,0,0,7,1,0.9,0.9,3.5,4.3,9,128,16,0.11,0.19,0.31,0.11,0.31,0.03,0.13,0.17,0.03,0.17,Maximilian Arnold,86e119e0,117674.0,,5.0,19.0,19.0,-0.7368421052631579,-0.7368421052631579,-0.012208370014464556,-2.0,6.261268629318251,0.15,19.0,26.0
GER-Bundesliga,2425,Wolfsburg,Patrick Wimmer,AUT,"MF,FW",23,2001,29,22,1770,19.7,3,4,7,3,0,0,5,1,3.7,3.7,2.9,6.7,46,91,75,0.15,0.2,0.36,0.15,0.36,0.19,0.15,0.34,0.19,0.34,Patrick Wimmer,cb11b429,533295.0,,15.0,18.0,18.0,-0.16666666666666666,-0.16666666666666666,0.005713941195721538,0.0,6.597548564339905,0.1,18.0,22.0
GER-Bundesliga,2425,Wolfsburg,Sebastiaan Bornauw,BEL,DF,25,1999,15,8,788,8.8,2,1,3,2,0,0,2,0,1.2,1.2,0.5,1.7,3,21,1,0.23,0.11,0.34,0.23,0.34,0.14,0.06,0.2,0.14,0.2,Sebastiaan Bornauw,01834aa0,338629.0,,6.0,14.0,14.0,-0.5714285714285714,-0.5714285714285714,-0.0031345352913021056,-1.0,3.9501235664819645,0.6,14.0,22.0
GER-Bundesliga,2425,Wolfsburg,Yannick Gerhardt,GER,"MF,DF",30,1994,29,15,1518,16.9,1,1,2,1,0,0,5,1,1.2,1.2,0.2,1.4,27,57,63,0.06,0.06,0.12,0.06,0.12,0.07,0.01,0.08,0.07,0.08,Yannick Gerhardt,62ab9184,119277.0,,2.5,12.0,12.0,-0.7916666666666666,-0.7916666666666666,-0.003199196157074397,-0.5,2.966151984986477,0.075,12.0,22.0
