user_id,username,password,email,registration_date
30,user30,7c682dea8e934e04343374e3d25cd51edce9cbeb47f7034296052cb5cd6bed84,user30@example.com,2024-05-04
16,user16,17a3379984b560dc311bb921b7a46b28aa5cb495667382f887a44a7fdbca7a7a,user16@example.com,2024-05-13
13,user13,48caafb68583936afd0d78a7bfd7046d2492fad94f3c485915f74bb60128620d,user13@example.com,2024-05-03
29,user29,48a94846b2a7386432b90ad13bcf9c66f1efdd3a97e0e14968c262c412fe22c8,user29@example.com,2024-05-09
26,user26,869f2a98b0e3a6ea928ff0542330ea3c1e0ff8591801693350f1fc3f1e57e4c5,user26@example.com,2024-05-12
24,user24,fc8a9296208a0b281f84690423c5d77785e493f435e6292cc322840f543729d3,user24@example.com,2024-05-11
40,user40,825e233a9d192f81d3f6780cb8e181af518054a8d9c83381882e573eed014df2,user40@example.com,2024-05-24
27,user27,9c7568513b9c85e73f3650c8b00e3259501096ccee9d3dbdae6ff5e84aabe3af,user27@example.com,2024-05-04
20,user20,7535d8f2d8c35d958995610f971287288ab5e8c82a3c4fdc2b6fb5d757a5b9f8,user20@example.com,2024-05-18
38,user38,014d020993865f93b80ec587e171554db5b45a1a46a9101510de52e148aa184f,user38@example.com,2024-05-18
6,user6,598a1a400c1dfdf36974e69d7e1bc98593f2e15015eed8e9b7e47a83b31693d5,user6@example.com,2024-05-19
35,user35,5bd40f88c4a6b2c20256389878ec2b59515ca478eb3eb0f3673663273bcb639b,user35@example.com,2024-05-12
1,user1,0b14d501a594442a01c6859541bcb3e8164d183d32937b851835442f69d5c94e,user1@example.com,2024-05-27
31,user31,a4239ae1725466d26621f102d58c1541c84ff1142f4341c7b66be92e32396d45,user31@example.com,2024-05-04
46,user46,f7944ecca058c63c386de56353cddf278c98f3143bd4a00bb0b2015adb69ed39,user46@example.com,2024-05-24
23,user23,8b807aa0505a00b3ef49e26a2ade8e31fcd6c700d1a3aeee971b49d73da8e8ff,user23@example.com,2024-05-10
22,user22,d23c1038532dc71d0a60a7fb3d330d7606b7520e9e5ee0ddcdb27ee1bd5bc0cd,user22@example.com,2024-05-11
28,user28,6f5ea1c4acc7a563ea8cb3381a55f0183a2394d679ebb7db8312e047bbf87e0d,user28@example.com,2024-05-11
44,user44,f9d07093d0de736c8881640c3e55714bebd5faf5d6ebbfb41e486e1660c8fc0e,user44@example.com,2024-05-21
32,user32,078aa4687601ab09b1f7581014674b3bf1a3aa68b12c346d01024f1f5206f94b,user32@example.com,2024-05-07
5,user5,8b2c86ea9cf2ea4eb517fd1e06b74f399e7fec0fef92e3b482a6cf2e2b092023,user5@example.com,2024-05-29
34,user34,72f1ffa2d7a9c9d60c2369fffce54372eea054d567c77f8a518f4f4c06b3856a,user34@example.com,2024-05-05
19,user19,5790ac3d0b8ae8afc72c2c6fb97654f2b73651c328de0a3b74854ade562dd17a,user19@example.com,2024-06-01
48,user48,172e362eecb6dff98dbeb4a7c42367109c1b288ecf45ff271fb79acd352ba8f9,user48@example.com,2024-05-11
8,user8,57f3ebab63f156fd8f776ba645a55d96360a15eeffc8b0e4afe4c05fa88219aa,user8@example.com,2024-05-17
47,user47,7ff9543ea5b226aeb9dcbf13672c32e62623e70edc4177512b169ec4e39846ea,user47@example.com,2024-05-28
33,user33,ee13b7d4c8c0595dcabf6016290d65d8a50163569368db690595d5acaa5a168b,user33@example.com,2024-05-18
42,user42,fe404abb6785bd17ac4c937c2837d3ad6d6ac1ed17e099a89a9c5e18d1e936fe,user42@example.com,2024-05-25
18,user18,d2042d75a67922194c045da2600e1c92ff6d87e8fb6e0208606665f2d1dfa892,user18@example.com,2024-05-03
37,user37,ca02485287fd4f05de9540613f8ba982e99080b66f8452024cb4c4cc3de7042e,user37@example.com,2024-05-23
49,user49,3cd00931dd1de5d07fcafb463ba5c4d95d31dca8a35480cac4a2beb771cb90df,user49@example.com,2024-05-25
12,user12,b3d17ebbe4f2b75d27b6309cfaae1487b667301a73951e7d523a039cd2dfe110,user12@example.com,2024-05-23
9,user9,9323dd6786ebcbf3ac87357cc78ba1abfda6cf5e55cd01097b90d4a286cac90e,user9@example.com,2024-05-27
15,user15,c63c2d34ebe84032ad47b87af194fedd17dacf8222b2ea7f4ebfee3dd6db2dfb,user15@example.com,2024-05-06
3,user3,5906ac361a137e2d286465cd6588ebb5ac3f5ae955001100bc41577c3d751764,user3@example.com,2024-05-19
7,user7,5860836e8f13fc9837539a597d4086bfc0299e54ad92148d54538b5c3feefb7c,user7@example.com,2024-06-02
21,user21,91a9ef3563010ea1af916083f9fb03a117d4d0d2a697f82368da1f737629f717,user21@example.com,2024-05-26
2,user2,6cf615d5bcaac778352a8f1f3360d23f02f34ec182e259897fd6ce485d7870d4,user2@example.com,2024-05-17
39,user39,f245ffb6352c8c101b0f9ed1187104f11e0a64622cc5da7082aef963dea5a83f,user39@example.com,2024-05-22
17,user17,69bfb918de05145fba9dcee9688dfb23f6115845885e48fa39945eebb99d8527,user17@example.com,2024-05-24
41,user41,a13b6ab0bb26b7d8bf31628b3b524efade4ac5b02712a95210c0abda5148ec85,user41@example.com,2024-06-02
11,user11,53d453b0c08b6b38ae91515dc88d25fbecdd1d6001f022419629df844f8ba433,user11@example.com,2024-05-12
4,user4,b97873a40f73abedd8d685a7cd5e5f85e4a9cfb83eac26886640a0813850122b,user4@example.com,2024-05-24
10,user10,aa4a9ea03fcac15b5fc63c949ac34e7b0fd17906716ac3b8e58c599cdc5a52f0,user10@example.com,2024-05-30
14,user14,c6863e1db9b396ed31a36988639513a1c73a065fab83681f4b77adb648fac3d6,user14@example.com,2024-05-07
45,user45,0528d31561cee040ee92e2857a2d71a373605b91da87d09ae5359a0689c45e6c,user45@example.com,2024-06-02
43,user43,fe4597a9d0a16c51ab5c8224dae83f170b69cede0f1a7f40f447f163dcbf9295,user43@example.com,2024-05-27
36,user36,9777509ca199ac591368c5cfa9ef92b4879ff99098b7e34865172a5ea983542e,user36@example.com,2024-06-01
25,user25,0b544d6d8da1d1af25318e97e0ac5f6bc70bba49919463dc0074ede01a49d381,user25@example.com,2024-05-31
50,tester1111,d69a092fc08294ef940ea33850438f7600ca5180758ec15dc4c5ab49c2d512fb,tester1111@sample.com,2025-06-29
51,abc1,dbfcfd0d87220f629339bd3adcf452d083fde3246625fb3a93e314f833e20d37,abc1@sample.com,2025-06-29
52,aaaa,61be55a8e2f6b4e172338bddf184d6dbee29c98853e0a0485ecee7f27b9af0b4,aaaa@aaaa.com,2025-06-29
53,aa,961b6dd3ede3cb8ecbaacbd68de040cd78eb2ed5889130cceb4c49268ea4d506,aa@aa.com,2025-06-29
54,a,ca978112ca1bbdcafac231b39a23dc4da786eff8147c4e72b9807785afee48bb,a@a.com,2025-06-29
